USD LIBOR,Overnight rate
Date,rf
1/2/01,6.65125
1/3/01,6.65375
1/4/01,6.09625
1/5/01,6.01625
1/8/01,6.015
1/9/01,6.01125
1/10/01,6.015
1/11/01,6.0375
1/12/01,6.025
1/15/01,.
1/16/01,6.17625
1/17/01,6.05125
1/18/01,6.02625
1/19/01,5.99625
1/22/01,6
1/23/01,6.0275
1/24/01,6.10125
1/25/01,6.11375
1/26/01,6.10375
1/29/01,6.115
1/30/01,6.10125
1/31/01,6.03875
2/1/01,5.65
2/2/01,5.5925
2/5/01,5.6075
2/6/01,5.615
2/7/01,5.63375
2/8/01,5.585
2/9/01,5.5575
2/12/01,5.57875
2/13/01,5.57375
2/14/01,5.56625
2/15/01,5.64375
2/16/01,5.55
2/19/01,.
2/20/01,5.60875
2/21/01,5.6125
2/22/01,5.6
2/23/01,5.54375
2/26/01,5.57125
2/27/01,5.57625
2/28/01,5.62625
3/1/01,5.5875
3/2/01,5.58375
3/5/01,5.6375
3/6/01,5.65
3/7/01,5.62938
3/8/01,5.57531
3/9/01,5.53641
3/12/01,5.57406
3/13/01,5.57156
3/14/01,5.58656
3/15/01,5.64813
3/16/01,5.54516
3/19/01,5.56906
3/20/01,5.3425
3/21/01,5.13688
3/22/01,5.12813
3/23/01,5.05875
3/26/01,5.08797
3/27/01,5.09281
3/28/01,5.1075
3/29/01,5.19219
3/30/01,5.66813
4/2/01,5.30281
4/3/01,5.2625
4/4/01,5.2275
4/5/01,5.13313
4/6/01,5.08406
4/9/01,5.0875
4/10/01,5.07906
4/11/01,5.08156
4/12/01,5.15063
4/13/01,.
4/16/01,.
4/17/01,5.14875
4/18/01,5.10797
4/19/01,4.57125
4/20/01,4.5175
4/23/01,4.55125
4/24/01,4.48484
4/25/01,4.45219
4/26/01,4.5325
4/27/01,4.59172
4/30/01,4.76875
5/1/01,4.75375
5/2/01,4.63563
5/3/01,4.56875
5/4/01,4.54516
5/7/01,.
5/8/01,4.53891
5/9/01,4.52641
5/10/01,4.5125
5/11/01,4.49125
5/14/01,4.5025
5/15/01,4.36688
5/16/01,4.135
5/17/01,4.0875
5/18/01,4.04516
5/21/01,4.07031
5/22/01,4.06531
5/23/01,4.05781
5/24/01,4.04
5/25/01,3.99813
5/28/01,.
5/29/01,4.11625
5/30/01,4.14953
5/31/01,4.22875
6/1/01,4.13063
6/4/01,4.07531
6/5/01,4.07031
6/6/01,4.04891
6/7/01,4.03891
6/8/01,3.9975
6/11/01,4.055
6/12/01,4.06156
6/13/01,4.08031
6/14/01,4.07625
6/15/01,4.1225
6/18/01,4.055
6/19/01,4.00875
6/20/01,3.96984
6/21/01,3.97859
6/22/01,3.99
6/25/01,4.0225
6/26/01,4.01766
6/27/01,3.83922
6/28/01,3.84922
6/29/01,4.24
7/2/01,4.12313
7/3/01,3.9
7/4/01,.
7/5/01,3.85422
7/6/01,3.77641
7/9/01,3.82031
7/10/01,3.7975
7/11/01,3.80391
7/12/01,3.805
7/13/01,3.76625
7/16/01,3.90203
7/17/01,3.81875
7/18/01,3.78891
7/19/01,3.7775
7/20/01,3.77766
7/23/01,3.81281
7/24/01,3.81406
7/25/01,3.81906
7/26/01,3.82531
7/27/01,3.83031
7/30/01,3.85
7/31/01,3.96625
8/1/01,3.90375
8/2/01,3.8175
8/3/01,3.7625
8/6/01,3.80781
8/7/01,3.8025
8/8/01,3.7975
8/9/01,3.79391
8/10/01,3.7575
8/13/01,3.80781
8/14/01,3.81531
8/15/01,3.89625
8/16/01,3.81406
8/17/01,3.7725
8/20/01,3.75875
8/21/01,3.61625
8/22/01,3.57625
8/23/01,3.585
8/24/01,3.56
8/27/01,.
8/28/01,3.58156
8/29/01,3.5925
8/30/01,3.59422
8/31/01,3.7425
9/3/01,.
9/4/01,3.71609
9/5/01,3.62813
9/6/01,3.59422
9/7/01,3.525
9/10/01,3.55906
9/11/01,3.55906
9/12/01,4.9375
9/13/01,5.36
9/14/01,4.5
9/17/01,3.715
9/18/01,3.06625
9/19/01,1.9475
9/20/01,1.9325
9/21/01,2.35875
9/24/01,2.89375
9/25/01,3.1175
9/26/01,3.275
9/27/01,3.18844
9/28/01,3.56531
10/1/01,3.35
10/2/01,2.75
10/3/01,2.5825
10/4/01,2.55016
10/5/01,2.48875
10/8/01,.
10/9/01,2.56906
10/10/01,2.56281
10/11/01,2.525
10/12/01,2.495
10/15/01,2.57156
10/16/01,2.54375
10/17/01,2.54016
10/18/01,2.54
10/19/01,2.49875
10/22/01,2.5475
10/23/01,2.55
10/24/01,2.54375
10/25/01,2.54625
10/26/01,2.53
10/29/01,2.56406
10/30/01,2.58875
10/31/01,2.705
11/1/01,2.62563
11/2/01,2.5275
11/5/01,2.54141
11/6/01,2.28766
11/7/01,2.08875
11/8/01,2.07906
11/9/01,2.03875
11/12/01,.
11/13/01,2.09422
11/14/01,2.11125
11/15/01,2.15953
11/16/01,2.06156
11/19/01,2.085
11/20/01,2.095
11/21/01,2.11625
11/22/01,.
11/23/01,2.09
11/26/01,2.09422
11/27/01,2.10625
11/28/01,2.11938
11/29/01,2.12438
11/30/01,2.18594
12/3/01,2.15453
12/4/01,2.08125
12/5/01,2.03391
12/6/01,1.995
12/7/01,1.92375
12/10/01,1.925
12/11/01,1.86625
12/12/01,1.82531
12/13/01,1.82531
12/14/01,1.82031
12/17/01,1.92078
12/18/01,1.83125
12/19/01,1.82031
12/20/01,1.79141
12/21/01,1.77
12/24/01,1.79875
12/25/01,.
12/26/01,.
12/27/01,1.96984
12/28/01,1.99125
12/31/01,2.05141
1/1/02,.
1/2/02,1.95734
1/3/02,1.86375
1/4/02,1.78766
1/7/02,1.82031
1/8/02,1.79141
1/9/02,1.76625
1/10/02,1.7725
1/11/02,1.785
1/14/02,1.82281
1/15/02,1.89313
1/16/02,1.78891
1/17/02,1.77141
1/18/02,1.72859
1/21/02,.
1/22/02,1.81031
1/23/02,1.85422
1/24/02,1.84422
1/25/02,1.79766
1/28/02,1.83125
1/29/02,1.86375
1/30/02,1.85297
1/31/02,1.94094
2/1/02,1.87688
2/4/02,1.835
2/5/02,1.82625
2/6/02,1.80375
2/7/02,1.80375
2/8/02,1.775
2/11/02,1.8225
2/12/02,1.8175
2/13/02,1.81266
2/14/02,1.82781
2/15/02,1.9225
2/18/02,.
2/19/02,1.86
2/20/02,1.84922
2/21/02,1.83125
2/22/02,1.78516
2/25/02,1.825
2/26/02,1.83031
2/27/02,1.83781
2/28/02,1.93594
3/1/02,1.84172
3/4/02,1.83125
3/5/02,1.82875
3/6/02,1.80125
3/7/02,1.81156
3/8/02,1.7725
3/11/02,1.82375
3/12/02,1.82
3/13/02,1.8075
3/14/02,1.81
3/15/02,1.9
3/18/02,1.82625
3/19/02,1.8075
3/20/02,1.81
3/21/02,1.81625
3/22/02,1.78875
3/25/02,1.82125
3/26/02,1.82
3/27/02,1.815
3/28/02,2.0075
3/29/02,.
4/1/02,.
4/2/02,1.855
4/3/02,1.84875
4/4/02,1.83625
4/5/02,1.79375
4/8/02,1.8275
4/9/02,1.80625
4/10/02,1.775
4/11/02,1.7975
4/12/02,1.8225
4/15/02,1.95
4/16/02,1.83375
4/17/02,1.82
4/18/02,1.81125
4/19/02,1.77188
4/22/02,1.81625
4/23/02,1.775
4/24/02,1.765
4/25/02,1.8025
4/26/02,1.81375
4/29/02,1.86125
4/30/02,1.93538
5/1/02,1.9025
5/2/02,1.8375
5/3/02,1.795
5/6/02,.
5/7/02,1.80625
5/8/02,1.80375
5/9/02,1.79375
5/10/02,1.77875
5/13/02,1.82625
5/14/02,1.83125
5/15/02,1.9275
5/16/02,1.82875
5/17/02,1.77125
5/20/02,1.81125
5/21/02,1.78375
5/22/02,1.75
5/23/02,1.76375
5/24/02,1.755
5/27/02,.
5/28/02,1.8525
5/29/02,1.88625
5/30/02,1.8825
5/31/02,1.88125
6/3/02,.
6/4/02,.
6/5/02,1.8025
6/6/02,1.77875
6/7/02,1.76625
6/10/02,1.8
6/11/02,1.8025
6/12/02,1.80875
6/13/02,1.81
6/14/02,1.78
6/17/02,1.88125
6/18/02,1.80875
6/19/02,1.77063
6/20/02,1.75625
6/21/02,1.74125
6/24/02,1.7975
6/25/02,1.8025
6/26/02,1.8275
6/27/02,1.825
6/28/02,2.03125
7/1/02,1.91625
7/2/02,1.81625
7/3/02,1.79625
7/4/02,.
7/5/02,1.78125
7/8/02,1.82
7/9/02,1.82125
7/10/02,1.83
7/11/02,1.82
7/12/02,1.7775
7/15/02,1.87625
7/16/02,1.81375
7/17/02,1.80375
7/18/02,1.7775
7/19/02,1.76625
7/22/02,1.80625
7/23/02,1.8075
7/24/02,1.81
7/25/02,1.79875
7/26/02,1.77125
7/29/02,1.8
7/30/02,1.8125
7/31/02,1.905
8/1/02,1.855
8/2/02,1.7825
8/5/02,1.8125
8/6/02,1.835
8/7/02,1.86
8/8/02,1.825
8/9/02,1.76125
8/12/02,1.7975
8/13/02,1.79375
8/14/02,1.79125
8/15/02,1.875
8/16/02,1.78
8/19/02,1.80438
8/20/02,1.8125
8/21/02,1.80625
8/22/02,1.80625
8/23/02,1.78625
8/26/02,.
8/27/02,1.80625
8/28/02,1.83375
8/29/02,1.9025
8/30/02,1.95
9/2/02,.
9/3/02,1.92
9/4/02,1.845
9/5/02,1.82375
9/6/02,1.78
9/9/02,1.815
9/10/02,1.815
9/11/02,1.82
9/12/02,1.8225
9/13/02,1.7775
9/16/02,1.8975
9/17/02,1.81875
9/18/02,1.80375
9/19/02,1.7975
9/20/02,1.75
9/23/02,1.80125
9/24/02,1.79
9/25/02,1.78875
9/26/02,1.80375
9/27/02,1.855
9/30/02,2.065
10/1/02,1.93875
10/2/02,1.83625
10/3/02,1.81625
10/4/02,1.7675
10/7/02,1.80625
10/8/02,1.805
10/9/02,1.79875
10/10/02,1.79625
10/11/02,1.78
10/14/02,.
10/15/02,1.89375
10/16/02,1.8225
10/17/02,1.80125
10/18/02,1.775
10/21/02,1.80125
10/22/02,1.79875
10/23/02,1.795
10/24/02,1.79
10/25/02,1.785
10/28/02,1.80625
10/29/02,1.8475
10/30/02,1.86625
10/31/02,1.95
11/1/02,1.8375
11/4/02,1.80125
11/5/02,1.7825
11/6/02,1.63875
11/7/02,1.35625
11/8/02,1.31875
11/11/02,.
11/12/02,1.3625
11/13/02,1.375
11/14/02,1.34625
11/15/02,1.36625
11/18/02,1.3125
11/19/02,1.265
11/20/02,1.23875
11/21/02,1.2525
11/22/02,1.26625
11/25/02,1.3125
11/26/02,1.3225
11/27/02,1.36375
11/28/02,.
11/29/02,1.41625
12/2/02,1.35
12/3/02,1.3075
12/4/02,1.27375
12/5/02,1.27625
12/6/02,1.26875
12/9/02,1.30125
12/10/02,1.29125
12/11/02,1.295
12/12/02,1.2975
12/13/02,1.2825
12/16/02,1.36125
12/17/02,1.30375
12/18/02,1.29375
12/19/02,1.29625
12/20/02,1.27125
12/23/02,1.31625
12/24/02,1.32563
12/25/02,.
12/26/02,.
12/27/02,1.32
12/30/02,1.3675
12/31/02,1.40375
1/1/03,.
1/2/03,1.36125
1/3/03,1.3125
1/6/03,1.3075
1/7/03,1.29875
1/8/03,1.275
1/9/03,1.29625
1/10/03,1.28625
1/13/03,1.2975
1/14/03,1.30125
1/15/03,1.35125
1/16/03,1.29125
1/17/03,1.255
1/20/03,.
1/21/03,1.3
1/22/03,1.30625
1/23/03,1.295
1/24/03,1.26125
1/27/03,1.29
1/28/03,1.2925
1/29/03,1.285
1/30/03,1.295
1/31/03,1.3525
2/3/03,1.30625
2/4/03,1.30375
2/5/03,1.2875
2/6/03,1.29
2/7/03,1.25625
2/10/03,1.28875
2/11/03,1.285
2/12/03,1.275
2/13/03,1.2725
2/14/03,1.26625
2/17/03,.
2/18/03,1.365
2/19/03,1.30625
2/20/03,1.29625
2/21/03,1.26875
2/24/03,1.29
2/25/03,1.29
2/26/03,1.295
2/27/03,1.32
2/28/03,1.37125
3/3/03,1.36375
3/4/03,1.33625
3/5/03,1.31625
3/6/03,1.3
3/7/03,1.26625
3/10/03,1.29875
3/11/03,1.28
3/12/03,1.27625
3/13/03,1.27875
3/14/03,1.32125
3/17/03,1.36375
3/18/03,1.2925
3/19/03,1.285
3/20/03,1.30125
3/21/03,1.27375
3/24/03,1.2975
3/25/03,1.2975
3/26/03,1.30125
3/27/03,1.3075
3/28/03,1.35
3/31/03,1.51
4/1/03,1.375
4/2/03,1.31625
4/3/03,1.30625
4/4/03,1.28
4/7/03,1.30375
4/8/03,1.3025
4/9/03,1.3025
4/10/03,1.30125
4/11/03,1.29375
4/14/03,1.3175
4/15/03,1.405
4/16/03,1.3425
4/17/03,1.32375
4/18/03,.
4/21/03,.
4/22/03,1.31375
4/23/03,1.30875
4/24/03,1.30375
4/25/03,1.275
4/28/03,1.3275
4/29/03,1.3475
4/30/03,1.435
5/1/03,1.365
5/2/03,1.29875
5/5/03,.
5/6/03,1.3025
5/7/03,1.3
5/8/03,1.30375
5/9/03,1.29375
5/12/03,1.3025
5/13/03,1.3175
5/14/03,1.325
5/15/03,1.4
5/16/03,1.30125
5/19/03,1.3075
5/20/03,1.3
5/21/03,1.2925
5/22/03,1.28375
5/23/03,1.27
5/26/03,.
5/27/03,1.3075
5/28/03,1.33125
5/29/03,1.35375
5/30/03,1.4275
6/2/03,1.37125
6/3/03,1.3
6/4/03,1.28875
6/5/03,1.28125
6/6/03,1.2725
6/9/03,1.3025
6/10/03,1.3025
6/11/03,1.3025
6/12/03,1.29875
6/13/03,1.2825
6/16/03,1.37625
6/17/03,1.305
6/18/03,1.3
6/19/03,1.29875
6/20/03,1.2775
6/23/03,1.2975
6/24/03,1.2825
6/25/03,1.12
6/26/03,1.115
6/27/03,1.28375
6/30/03,1.52125
7/1/03,1.25125
7/2/03,1.1225
7/3/03,1.06
7/4/03,.
7/7/03,1.095
7/8/03,1.08875
7/9/03,1.07375
7/10/03,1.05875
7/11/03,1.02625
7/14/03,1.07
7/15/03,1.115
7/16/03,1.08
7/17/03,1.0675
7/18/03,1.025
7/21/03,1.0725
7/22/03,1.05875
7/23/03,1.06
7/24/03,1.05625
7/25/03,1.02875
7/28/03,1.06375
7/29/03,1.06625
7/30/03,1.08625
7/31/03,1.18625
8/1/03,1.08125
8/4/03,1.0725
8/5/03,1.0725
8/6/03,1.04625
8/7/03,1.03
8/8/03,1.0125
8/11/03,1.05125
8/12/03,1.05875
8/13/03,1.0575
8/14/03,1.0675
8/15/03,1.23
8/18/03,1.0975
8/19/03,1.07875
8/20/03,1.0475
8/21/03,1.01375
8/22/03,1.0325
8/25/03,.
8/26/03,1.06375
8/27/03,1.07125
8/28/03,1.07625
8/29/03,1.17875
9/1/03,.
9/2/03,1.1125
9/3/03,1.08875
9/4/03,1.075
9/5/03,1.04125
9/8/03,1.06625
9/9/03,1.06
9/10/03,1.0525
9/11/03,1.0325
9/12/03,1.04
9/15/03,1.17625
9/16/03,1.075
9/17/03,1.04875
9/18/03,1.035
9/19/03,1.005
9/22/03,1.045
9/23/03,1.0375
9/24/03,1.045
9/25/03,1.0525
9/26/03,1.10375
9/29/03,1.14375
9/30/03,1.30375
10/1/03,1.12375
10/2/03,1.07125
10/3/03,1.0425
10/6/03,1.05875
10/7/03,1.05125
10/8/03,1.03
10/9/03,1.03
10/10/03,1.02625
10/13/03,.
10/14/03,1.115
10/15/03,1.17125
10/16/03,1.065
10/17/03,1.035
10/20/03,1.0525
10/21/03,1.05
10/22/03,1.04125
10/23/03,1.04125
10/24/03,1.035
10/27/03,1.0575
10/28/03,1.05125
10/29/03,1.045
10/30/03,1.04875
10/31/03,1.11375
11/3/03,1.08875
11/4/03,1.04875
11/5/03,1.04125
11/6/03,1.0375
11/7/03,1.02625
11/10/03,1.04875
11/11/03,.
11/12/03,1.0475
11/13/03,1.05125
11/14/03,1.03125
11/17/03,1.11125
11/18/03,1.0525
11/19/03,1.03125
11/20/03,1.04
11/21/03,1.0275
11/24/03,1.0475
11/25/03,1.04375
11/26/03,1.05125
11/27/03,.
11/28/03,1.09375
12/1/03,1.08
12/2/03,1.055
12/3/03,1.03
12/4/03,1.0275
12/5/03,1.02375
12/8/03,1.04
12/9/03,1.04
12/10/03,1.03
12/11/03,1.01875
12/12/03,1.0125
12/15/03,1.0675
12/16/03,1.03625
12/17/03,1.02625
12/18/03,1.03125
12/19/03,1.0225
12/22/03,1.045
12/23/03,1.05375
12/24/03,1.045
12/25/03,.
12/26/03,.
12/29/03,1.0375
12/30/03,1.05875
12/31/03,1.08875
1/1/04,.
1/2/04,1.06
1/5/04,1.055
1/6/04,1.05188
1/7/04,1.0425
1/8/04,1.03
1/9/04,1.0175
1/12/04,1.0375
1/13/04,1.04
1/14/04,1.03625
1/15/04,1.07
1/16/04,1.03625
1/19/04,.
1/20/04,1.0525
1/21/04,1.05125
1/22/04,1.05125
1/23/04,1.03875
1/26/04,1.045
1/27/04,1.045
1/28/04,1.045
1/29/04,1.04375
1/30/04,1.0675
2/2/04,1.0525
2/3/04,1.04375
2/4/04,1.035
2/5/04,1.04125
2/6/04,1.0325
2/9/04,1.035
2/10/04,1.0425
2/11/04,1.035
2/12/04,1.03125
2/13/04,1.0375
2/16/04,.
2/17/04,1.09125
2/18/04,1.05125
2/19/04,1.0475
2/20/04,1.03625
2/23/04,1.04875
2/24/04,1.045
2/25/04,1.0425
2/26/04,1.0425
2/27/04,1.07875
3/1/04,1.06875
3/2/04,1.055
3/3/04,1.0525
3/4/04,1.0525
3/5/04,1.04
3/8/04,1.04625
3/9/04,1.0475
3/10/04,1.045
3/11/04,1.04625
3/12/04,1.05375
3/15/04,1.0875
3/16/04,1.05
3/17/04,1.05
3/18/04,1.05
3/19/04,1.0425
3/22/04,1.04625
3/23/04,1.0475
3/24/04,1.0475
3/25/04,1.0475
3/26/04,1.04375
3/29/04,1.06125
3/30/04,1.095
3/31/04,1.1675
4/1/04,1.075
4/2/04,1.05375
4/5/04,1.05375
4/6/04,1.05375
4/7/04,1.05375
4/8/04,1.0575
4/9/04,.
4/12/04,.
4/13/04,1.06625
4/14/04,1.0675
4/15/04,1.0875
4/16/04,1.05125
4/19/04,1.0575
4/20/04,1.055
4/21/04,1.055
4/22/04,1.0525
4/23/04,1.04625
4/26/04,1.05375
4/27/04,1.05375
4/28/04,1.05375
4/29/04,1.05375
4/30/04,1.095
5/3/04,.
5/4/04,1.06
5/5/04,1.05375
5/6/04,1.0525
5/7/04,1.045
5/10/04,1.0525
5/11/04,1.055
5/12/04,1.05625
5/13/04,1.05125
5/14/04,1.05125
5/17/04,1.085
5/18/04,1.055
5/19/04,1.0525
5/20/04,1.04875
5/21/04,1.04125
5/24/04,1.04875
5/25/04,1.05
5/26/04,1.05375
5/27/04,1.0525
5/28/04,1.085
5/31/04,.
6/1/04,1.06625
6/2/04,1.06125
6/3/04,1.05375
6/4/04,1.045
6/7/04,1.0575
6/8/04,1.05875
6/9/04,1.0575
6/10/04,1.05125
6/11/04,1.05
6/14/04,1.05875
6/15/04,1.08625
6/16/04,1.055
6/17/04,1.0525
6/18/04,1.04125
6/21/04,1.05125
6/22/04,1.05
6/23/04,1.04875
6/24/04,1.05
6/25/04,1.055
6/28/04,1.1075
6/29/04,1.20625
6/30/04,1.59125
7/1/04,1.39875
7/2/04,1.3525
7/5/04,.
7/6/04,1.3175
7/7/04,1.31625
7/8/04,1.3125
7/9/04,1.295
7/12/04,1.30125
7/13/04,1.30125
7/14/04,1.305
7/15/04,1.33125
7/16/04,1.295
7/19/04,1.3025
7/20/04,1.3
7/21/04,1.30125
7/22/04,1.30125
7/23/04,1.29375
7/26/04,1.3
7/27/04,1.2975
7/28/04,1.30375
7/29/04,1.33875
7/30/04,1.3775
8/2/04,1.3525
8/3/04,1.325
8/4/04,1.3175
8/5/04,1.3225
8/6/04,1.355
8/9/04,1.4275
8/10/04,1.54
8/11/04,1.5475
8/12/04,1.54625
8/13/04,1.5475
8/16/04,1.605
8/17/04,1.55875
8/18/04,1.5175
8/19/04,1.535
8/20/04,1.5325
8/23/04,1.54375
8/24/04,1.54875
8/25/04,1.545
8/26/04,1.5475
8/27/04,1.56
8/30/04,.
8/31/04,1.625
9/1/04,1.59625
9/2/04,1.55875
9/3/04,1.5475
9/6/04,.
9/7/04,1.56875
9/8/04,1.56
9/9/04,1.5575
9/10/04,1.53875
9/13/04,1.55
9/14/04,1.555
9/15/04,1.59625
9/16/04,1.57125
9/17/04,1.6
9/20/04,1.66
9/21/04,1.80125
9/22/04,1.7925
9/23/04,1.78875
9/24/04,1.7875
9/27/04,1.79875
9/28/04,1.805
9/29/04,1.8025
9/30/04,1.93125
10/1/04,1.865
10/4/04,1.8175
10/5/04,1.815
10/6/04,1.80875
10/7/04,1.80125
10/8/04,1.78875
10/11/04,.
10/12/04,1.81625
10/13/04,1.81875
10/14/04,1.82
10/15/04,1.84125
10/18/04,1.81375
10/19/04,1.80375
10/20/04,1.79125
10/21/04,1.79875
10/22/04,1.7875
10/25/04,1.80125
10/26/04,1.80375
10/27/04,1.8025
10/28/04,1.81125
10/29/04,1.885
11/1/04,1.855
11/2/04,1.81875
11/3/04,1.8075
11/4/04,1.82375
11/5/04,1.84
11/8/04,1.915
11/9/04,1.9325
11/10/04,2.0225
11/11/04,.
11/12/04,2.0525
11/15/04,2.09625
11/16/04,2.05625
11/17/04,2.04625
11/18/04,2.04125
11/19/04,2.035
11/22/04,2.055
11/23/04,2.05
11/24/04,2.0525
11/25/04,.
11/26/04,2.05125
11/29/04,2.08875
11/30/04,2.1275
12/1/04,2.08625
12/2/04,2.06125
12/3/04,2.05
12/6/04,2.05625
12/7/04,2.0575
12/8/04,2.06625
12/9/04,2.09875
12/10/04,2.125
12/13/04,2.19375
12/14/04,2.2925
12/15/04,2.34625
12/16/04,2.30875
12/17/04,2.29625
12/20/04,2.29625
12/21/04,2.2975
12/22/04,2.2925
12/23/04,2.2975
12/24/04,2.3125
12/27/04,.
12/28/04,.
12/29/04,2.34875
12/30/04,2.3175
12/31/04,2.34625
1/3/05,.
1/4/05,2.31875
1/5/05,2.32
1/6/05,2.3175
1/7/05,2.29875
1/10/05,2.3025
1/11/05,2.30625
1/12/05,2.3
1/13/05,2.2975
1/14/05,2.3
1/17/05,.
1/18/05,2.36
1/19/05,2.30125
1/20/05,2.3
1/21/05,2.27625
1/24/05,2.295
1/25/05,2.2875
1/26/05,2.3
1/27/05,2.35375
1/28/05,2.415
1/31/05,2.5225
2/1/05,2.55625
2/2/05,2.545
2/3/05,2.54
2/4/05,2.52625
2/7/05,2.54625
2/8/05,2.54625
2/9/05,2.53875
2/10/05,2.5425
2/11/05,2.54375
2/14/05,2.56375
2/15/05,2.605
2/16/05,2.55
2/17/05,2.54625
2/18/05,2.52375
2/21/05,.
2/22/05,.
2/23/05,2.55375
2/24/05,2.56
2/25/05,2.5675
2/28/05,2.64625
3/1/05,2.57875
3/2/05,2.55
3/3/05,2.53625
3/4/05,2.535
3/7/05,2.54875
3/8/05,2.54625
3/9/05,2.5425
3/10/05,2.545
3/11/05,2.5475
3/14/05,2.57875
3/15/05,2.65625
3/16/05,2.5825
3/17/05,2.615
3/18/05,2.7275
3/21/05,2.78625
3/22/05,2.795
3/23/05,2.795
3/24/05,2.79375
3/25/05,.
3/28/05,.
3/29/05,2.82375
3/30/05,2.8475
3/31/05,2.91
4/1/05,2.84125
4/4/05,2.81125
4/5/05,2.8025
4/6/05,2.79125
4/7/05,2.78125
4/8/05,2.77875
4/11/05,2.8
4/12/05,2.7975
4/13/05,2.80625
4/14/05,2.81875
4/15/05,2.895
4/18/05,2.80625
4/19/05,2.79
4/20/05,2.77875
4/21/05,2.7825
4/22/05,2.785
4/25/05,2.80375
4/26/05,2.81625
4/27/05,2.85
4/28/05,2.9275
4/29/05,3.0425
5/2/05,.
5/3/05,3.05
5/4/05,3.04875
5/5/05,3.0425
5/6/05,3.03625
5/9/05,3.0425
5/10/05,3.04
5/11/05,3.03563
5/12/05,3.04
5/13/05,3.04125
5/16/05,3.11625
5/17/05,3.04375
5/18/05,3.04375
5/19/05,3.04125
5/20/05,3.04
5/23/05,3.04125
5/24/05,3.03875
5/25/05,3.04
5/26/05,3.04125
5/27/05,3.04625
5/30/05,.
5/31/05,3.10375
6/1/05,3.0675
6/2/05,3.05125
6/3/05,3.03875
6/6/05,3.045
6/7/05,3.04
6/8/05,3.03625
6/9/05,3.03375
6/10/05,3.03
6/13/05,3.0375
6/14/05,3.045
6/15/05,3.0875
6/16/05,3.04438
6/17/05,3.03625
6/20/05,3.04
6/21/05,3.04
6/22/05,3.04125
6/23/05,3.06625
6/24/05,3.1075
6/27/05,3.15625
6/28/05,3.2075
6/29/05,3.26625
6/30/05,3.42531
7/1/05,3.32875
7/4/05,.
7/5/05,3.30125
7/6/05,3.3
7/7/05,3.30143
7/8/05,3.29
7/11/05,3.29125
7/12/05,3.28813
7/13/05,3.29
7/14/05,3.295
7/15/05,3.32375
7/18/05,3.29688
7/19/05,3.28938
7/20/05,3.255
7/21/05,3.28
7/22/05,3.27875
7/25/05,3.28875
7/26/05,3.28625
7/27/05,3.29063
7/28/05,3.2925
7/29/05,3.36375
8/1/05,3.305
8/2/05,3.295
8/3/05,3.27563
8/4/05,3.3525
8/5/05,3.4575
8/8/05,3.54125
8/9/05,3.5475
8/10/05,3.5375
8/11/05,3.52625
8/12/05,3.525
8/15/05,3.5925
8/16/05,3.52813
8/17/05,3.51813
8/18/05,3.54125
8/19/05,3.5275
8/22/05,3.5375
8/23/05,3.54
8/24/05,3.53875
8/25/05,3.53875
8/26/05,3.555
8/29/05,.
8/30/05,3.59875
8/31/05,3.62
9/1/05,3.58375
9/2/05,3.53875
9/5/05,.
9/6/05,3.54625
9/7/05,3.54875
9/8/05,3.54063
9/9/05,3.53688
9/12/05,3.54875
9/13/05,3.54375
9/14/05,3.5475
9/15/05,3.7275
9/16/05,3.73625
9/19/05,3.75625
9/20/05,3.75313
9/21/05,3.77125
9/22/05,3.76625
9/23/05,3.765
9/26/05,3.78375
9/27/05,3.805
9/28/05,3.83125
9/29/05,3.84375
9/30/05,3.945
10/3/05,3.8525
10/4/05,3.80063
10/5/05,3.79125
10/6/05,3.79
10/7/05,3.785
10/10/05,.
10/11/05,3.80188
10/12/05,3.80125
10/13/05,3.7975
10/14/05,3.80188
10/17/05,3.84
10/18/05,3.79938
10/19/05,3.79375
10/20/05,3.78
10/21/05,3.77625
10/24/05,3.80125
10/25/05,3.79375
10/26/05,3.8175
10/27/05,3.8975
10/28/05,3.97375
10/31/05,4.0625
11/1/05,4.0625
11/2/05,4.05
11/3/05,4.035
11/4/05,4.03063
11/7/05,4.0425
11/8/05,4.04
11/9/05,4.03313
11/10/05,4.03375
11/11/05,.
11/14/05,4.04875
11/15/05,4.10438
11/16/05,4.03625
11/17/05,4.03375
11/18/05,4.02875
11/21/05,4.035
11/22/05,4.04
11/23/05,4.0425
11/24/05,.
11/25/05,4.04375
11/28/05,4.0525
11/29/05,4.05375
11/30/05,4.0775
12/1/05,4.05188
12/2/05,4.03563
12/5/05,4.0425
12/6/05,4.04375
12/7/05,4.04188
12/8/05,4.11
12/9/05,4.175
12/12/05,4.25313
12/13/05,4.26688
12/14/05,4.26875
12/15/05,4.35313
12/16/05,4.28375
12/19/05,4.2825
12/20/05,4.285
12/21/05,4.2875
12/22/05,4.295
12/23/05,4.29813
12/26/05,.
12/27/05,.
12/28/05,4.3125
12/29/05,4.32625
12/30/05,4.34125
1/2/06,.
1/3/06,4.325
1/4/06,4.31313
1/5/06,4.31
1/6/06,4.28875
1/9/06,4.30063
1/10/06,4.29625
1/11/06,4.29375
1/12/06,4.29875
1/13/06,4.3125
1/16/06,.
1/17/06,4.35
1/18/06,4.30125
1/19/06,4.295
1/20/06,4.28625
1/23/06,4.2975
1/24/06,4.3075
1/25/06,4.34625
1/26/06,4.41125
1/27/06,4.46625
1/30/06,4.535
1/31/06,4.56375
2/1/06,4.54125
2/2/06,4.54188
2/3/06,4.53625
2/6/06,4.54313
2/7/06,4.5425
2/8/06,4.54125
2/9/06,4.54125
2/10/06,4.53875
2/13/06,4.54375
2/14/06,4.545
2/15/06,4.58688
2/16/06,4.54625
2/17/06,4.54
2/20/06,.
2/21/06,4.55
2/22/06,4.54875
2/23/06,4.55
2/24/06,4.54313
2/27/06,4.54938
2/28/06,4.5975
3/1/06,4.55375
3/2/06,4.55125
3/3/06,4.54375
3/6/06,4.54875
3/7/06,4.5475
3/8/06,4.54375
3/9/06,4.54625
3/10/06,4.54125
3/13/06,4.54813
3/14/06,4.55188
3/15/06,4.58625
3/16/06,4.55
3/17/06,4.54125
3/20/06,4.55
3/21/06,4.57625
3/22/06,4.60875
3/23/06,4.66063
3/24/06,4.725
3/27/06,4.79
3/28/06,4.795
3/29/06,4.79313
3/30/06,4.79875
3/31/06,4.9
4/3/06,4.81563
4/4/06,4.80313
4/5/06,4.7975
4/6/06,4.8
4/7/06,4.79625
4/10/06,4.8
4/11/06,4.8025
4/12/06,4.80063
4/13/06,4.82125
4/14/06,.
4/17/06,.
4/18/06,4.80188
4/19/06,4.79625
4/20/06,4.79063
4/21/06,4.775
4/24/06,4.79625
4/25/06,4.79625
4/26/06,4.80594
4/27/06,4.82188
4/28/06,4.94125
5/1/06,.
5/2/06,4.85313
5/3/06,4.89375
5/4/06,4.96
5/5/06,4.98313
5/8/06,4.99625
5/9/06,4.98375
5/10/06,4.97625
5/11/06,5.03
5/12/06,5.03438
5/15/06,5.09875
5/16/06,5.05188
5/17/06,5.03625
5/18/06,5.03625
5/19/06,5.03375
5/22/06,5.04375
5/23/06,5.045
5/24/06,5.045
5/25/06,5.0425
5/26/06,5.04063
5/29/06,.
5/30/06,5.05875
5/31/06,5.12125
6/1/06,5.07625
6/2/06,5.045
6/5/06,5.045
6/6/06,5.04375
6/7/06,5.0425
6/8/06,5.04938
6/9/06,5.04813
6/12/06,5.05125
6/13/06,5.0575
6/14/06,5.055
6/15/06,5.10375
6/16/06,5.04625
6/19/06,5.04438
6/20/06,5.04188
6/21/06,5.0175
6/22/06,5.07
6/23/06,5.05313
6/26/06,5.07813
6/27/06,5.095
6/28/06,5.11125
6/29/06,5.17125
6/30/06,5.36875
7/3/06,5.32625
7/4/06,.
7/5/06,5.2975
7/6/06,5.2975
7/7/06,5.29313
7/10/06,5.29625
7/11/06,5.29719
7/12/06,5.29719
7/13/06,5.29594
7/14/06,5.29438
7/17/06,5.33875
7/18/06,5.29375
7/19/06,5.29188
7/20/06,5.2875
7/21/06,5.27438
7/24/06,5.28625
7/25/06,5.285
7/26/06,5.2875
7/27/06,5.29
7/28/06,5.29
7/31/06,5.3425
8/1/06,5.30938
8/2/06,5.29875
8/3/06,5.29875
8/4/06,5.3025
8/7/06,5.29938
8/8/06,5.30875
8/9/06,5.3
8/10/06,5.29813
8/11/06,5.29563
8/14/06,5.29563
8/15/06,5.335
8/16/06,5.295
8/17/06,5.29313
8/18/06,5.28313
8/21/06,5.28625
8/22/06,5.28625
8/23/06,5.28625
8/24/06,5.28938
8/25/06,5.29438
8/28/06,.
8/29/06,5.2925
8/30/06,5.29313
8/31/06,5.33125
9/1/06,5.29938
9/4/06,.
9/5/06,5.29188
9/6/06,5.29438
9/7/06,5.2875
9/8/06,5.2825
9/11/06,5.285
9/12/06,5.28625
9/13/06,5.27875
9/14/06,5.2825
9/15/06,5.31375
9/18/06,5.28188
9/19/06,5.28063
9/20/06,5.275
9/21/06,5.2775
9/22/06,5.27094
9/25/06,5.275
9/26/06,5.28063
9/27/06,5.29313
9/28/06,5.30063
9/29/06,5.375
10/2/06,5.3125
10/3/06,5.29563
10/4/06,5.29438
10/5/06,5.285
10/6/06,5.28313
10/9/06,.
10/10/06,5.29188
10/11/06,5.29313
10/12/06,5.29313
10/13/06,5.28875
10/16/06,5.32125
10/17/06,5.28875
10/18/06,5.285
10/19/06,5.27938
10/20/06,5.275
10/23/06,5.28563
10/24/06,5.285
10/25/06,5.28313
10/26/06,5.2875
10/27/06,5.28563
10/30/06,5.29313
10/31/06,5.33
11/1/06,5.2975
11/2/06,5.29188
11/3/06,5.2825
11/6/06,5.29031
11/7/06,5.28875
11/8/06,5.285
11/9/06,5.2875
11/10/06,5.28188
11/13/06,5.285
11/14/06,5.28625
11/15/06,5.315
11/16/06,5.28313
11/17/06,5.27625
11/20/06,5.28125
11/21/06,5.28063
11/22/06,5.29
11/23/06,.
11/24/06,5.28688
11/27/06,5.2875
11/28/06,5.29125
11/29/06,5.29
11/30/06,5.33
12/1/06,5.2975
12/4/06,5.29375
12/5/06,5.2925
12/6/06,5.29
12/7/06,5.29313
12/8/06,5.28938
12/11/06,5.28625
12/12/06,5.28938
12/13/06,5.28688
12/14/06,5.2875
12/15/06,5.32625
12/18/06,5.29438
12/19/06,5.29
12/20/06,5.28938
12/21/06,5.29
12/22/06,5.29
12/25/06,.
12/26/06,.
12/27/06,5.29125
12/28/06,5.30688
12/29/06,5.3425
1/1/07,.
1/2/07,5.3425
1/3/07,5.30375
1/4/07,5.30125
1/5/07,5.30188
1/8/07,5.3
1/9/07,5.30188
1/10/07,5.29563
1/11/07,5.295
1/12/07,5.30063
1/15/07,.
1/16/07,5.3175
1/17/07,5.29875
1/18/07,5.29625
1/19/07,5.28875
1/22/07,5.28813
1/23/07,5.29063
1/24/07,5.28563
1/25/07,5.285
1/26/07,5.285
1/29/07,5.29375
1/30/07,5.295
1/31/07,5.33125
2/1/07,5.29625
2/2/07,5.2925
2/5/07,5.29375
2/6/07,5.29438
2/7/07,5.29125
2/8/07,5.2925
2/9/07,5.2925
2/12/07,5.2925
2/13/07,5.2925
2/14/07,5.29688
2/15/07,5.32625
2/16/07,5.295
2/19/07,.
2/20/07,5.305
2/21/07,5.29688
2/22/07,5.29188
2/23/07,5.29313
2/26/07,5.29563
2/27/07,5.3
2/28/07,5.345
3/1/07,5.3325
3/2/07,5.30313
3/5/07,5.29875
3/6/07,5.3
3/7/07,5.29875
3/8/07,5.29813
3/9/07,5.2975
3/12/07,5.2975
3/13/07,5.29875
3/14/07,5.30375
3/15/07,5.3625
3/16/07,5.30313
3/19/07,5.3025
3/20/07,5.30063
3/21/07,5.3
3/22/07,5.30063
3/23/07,5.3
3/26/07,5.3
3/27/07,5.30188
3/28/07,5.31125
3/29/07,5.36
3/30/07,5.47813
4/2/07,5.35125
4/3/07,5.30625
4/4/07,5.32125
4/5/07,5.33875
4/6/07,.
4/9/07,.
4/10/07,5.3375
4/11/07,5.34
4/12/07,5.34
4/13/07,5.3375
4/16/07,5.34375
4/17/07,5.37688
4/18/07,5.33125
4/19/07,5.295
4/20/07,5.28125
4/23/07,5.29
4/24/07,5.29188
4/25/07,5.29438
4/26/07,5.29313
4/27/07,5.2975
4/30/07,5.35813
5/1/07,5.35375
5/2/07,5.31125
5/3/07,5.305
5/4/07,5.30438
5/7/07,.
5/8/07,5.30063
5/9/07,5.30063
5/10/07,5.30063
5/11/07,5.30063
5/14/07,5.30063
5/15/07,5.34125
5/16/07,5.30813
5/17/07,5.3025
5/18/07,5.3
5/21/07,5.3
5/22/07,5.29938
5/23/07,5.29938
5/24/07,5.30125
5/25/07,5.30125
5/28/07,.
5/29/07,5.31188
5/30/07,5.3425
5/31/07,5.36375
6/1/07,5.3275
6/4/07,5.30813
6/5/07,5.30313
6/6/07,5.30313
6/7/07,5.30313
6/8/07,5.30063
6/11/07,5.30188
6/12/07,5.3025
6/13/07,5.30375
6/14/07,5.30688
6/15/07,5.34125
6/18/07,5.30438
6/19/07,5.30188
6/20/07,5.29125
6/21/07,5.29375
6/22/07,5.29125
6/25/07,5.295
6/26/07,5.30375
6/27/07,5.335
6/28/07,5.39875
6/29/07,5.5
7/2/07,5.36188
7/3/07,5.32813
7/4/07,.
7/5/07,5.3075
7/6/07,5.30375
7/9/07,5.30375
7/10/07,5.3025
7/11/07,5.29813
7/12/07,5.3025
7/13/07,5.30188
7/16/07,5.3475
7/17/07,5.30625
7/18/07,5.305
7/19/07,5.30438
7/20/07,5.30063
7/23/07,5.30375
7/24/07,5.30313
7/25/07,5.30375
7/26/07,5.31063
7/27/07,5.33375
7/30/07,5.38063
7/31/07,5.43375
8/1/07,5.37813
8/2/07,5.34875
8/3/07,5.325
8/6/07,5.315
8/7/07,5.3275
8/8/07,5.35125
8/9/07,5.86375
8/10/07,5.95625
8/13/07,5.77125
8/14/07,5.40875
8/15/07,5.30375
8/16/07,5.12125
8/17/07,5.29875
8/20/07,5.3575
8/21/07,5.35
8/22/07,5.3475
8/23/07,5.25125
8/24/07,5.1975
8/27/07,.
8/28/07,5.40625
8/29/07,5.645
8/30/07,5.65
8/31/07,5.5875
9/3/07,.
9/4/07,5.5125
9/5/07,5.5125
9/6/07,5.4675
9/7/07,5.4
9/10/07,5.34125
9/11/07,5.29875
9/12/07,5.18125
9/13/07,5.16375
9/14/07,5.12625
9/17/07,5.29875
9/18/07,5.33125
9/19/07,4.94375
9/20/07,4.9375
9/21/07,4.8975
9/24/07,4.85813
9/25/07,4.8525
9/26/07,4.88
9/27/07,5.09375
9/28/07,5.30375
10/1/07,5.02125
10/2/07,5.03813
10/3/07,4.97375
10/4/07,4.8925
10/5/07,4.81125
10/8/07,.
10/9/07,4.84875
10/10/07,4.885
10/11/07,4.865
10/12/07,4.855
10/15/07,4.895
10/16/07,4.88125
10/17/07,4.85875
10/18/07,4.84125
10/19/07,4.80125
10/22/07,4.80375
10/23/07,4.81
10/24/07,4.80375
10/25/07,4.7825
10/26/07,4.79375
10/29/07,4.8075
10/30/07,4.935
10/31/07,5.00625
11/1/07,4.64125
11/2/07,4.63463
11/5/07,4.62938
11/6/07,4.625
11/7/07,4.565
11/8/07,4.5575
11/9/07,4.56
11/12/07,.
11/13/07,4.6225
11/14/07,4.77438
11/15/07,4.955
11/16/07,4.7425
11/19/07,4.64875
11/20/07,4.64625
11/21/07,4.65375
11/22/07,.
11/23/07,4.6725
11/26/07,4.67875
11/27/07,4.7675
11/28/07,4.79875
11/29/07,4.69375
11/30/07,4.71625
12/3/07,4.705
12/4/07,4.73125
12/5/07,4.695
12/6/07,4.68438
12/7/07,4.5475
12/10/07,4.5475
12/11/07,4.4325
12/12/07,4.34
12/13/07,4.3
12/14/07,4.3025
12/17/07,4.4175
12/18/07,4.4
12/19/07,4.345
12/20/07,4.3025
12/21/07,4.29688
12/24/07,4.39063
12/25/07,.
12/26/07,.
12/27/07,4.43
12/28/07,4.5
12/31/07,4.8225
1/1/08,.
1/2/08,4.45125
1/3/08,4.395
1/4/08,4.3375
1/7/08,4.3
1/8/08,4.29375
1/9/08,4.28719
1/10/08,4.285
1/11/08,4.28188
1/14/08,4.2875
1/15/08,4.32438
1/16/08,4.29813
1/17/08,4.29063
1/18/08,4.27125
1/21/08,.
1/22/08,4.17625
1/23/08,3.56375
1/24/08,3.58375
1/25/08,3.59125
1/28/08,3.595
1/29/08,3.595
1/30/08,3.41
1/31/08,3.16375
2/1/08,3.15125
2/4/08,3.2375
2/5/08,3.2775
2/6/08,3.15625
2/7/08,3.055
2/8/08,3.055
2/11/08,3.065
2/12/08,3.08625
2/13/08,3.09
2/14/08,3.11625
2/15/08,3.20125
2/18/08,.
2/19/08,3.16063
2/20/08,3.15125
2/21/08,3.11438
2/22/08,3.06125
2/25/08,3.07375
2/26/08,3.07375
2/27/08,3.07375
2/28/08,3.08625
2/29/08,3.1625
3/3/08,3.1525
3/4/08,3.16
3/5/08,3.1525
3/6/08,3.11563
3/7/08,3.09375
3/10/08,3.09625
3/11/08,3.0975
3/12/08,3.08125
3/13/08,3.0775
3/14/08,3.05375
3/17/08,3.8625
3/18/08,3.38125
3/19/08,2.6475
3/20/08,2.74875
3/21/08,.
3/24/08,.
3/25/08,2.87375
3/26/08,2.9475
3/27/08,3.0775
3/28/08,2.86625
3/31/08,3.18125
4/1/08,3.0375
4/2/08,3.01375
4/3/08,2.8375
4/4/08,2.6525
4/7/08,2.675
4/8/08,2.63625
4/9/08,2.56125
4/10/08,2.4325
4/11/08,2.4075
4/14/08,2.40375
4/15/08,2.67
4/16/08,2.68
4/17/08,2.6625
4/18/08,2.63
4/21/08,2.64125
4/22/08,2.625
4/23/08,2.50125
4/24/08,2.4175
4/25/08,2.39125
4/28/08,2.445
4/29/08,2.445
4/30/08,2.655
5/1/08,2.46
5/2/08,2.4725
5/5/08,.
5/6/08,2.365
5/7/08,2.21125
5/8/08,2.145
5/9/08,2.14125
5/12/08,2.195
5/13/08,2.20125
5/14/08,2.2025
5/15/08,2.25625
5/16/08,2.175
5/19/08,2.1525
5/20/08,2.11188
5/21/08,2.10875
5/22/08,2.11125
5/23/08,2.1125
5/26/08,.
5/27/08,2.16625
5/28/08,2.42875
5/29/08,2.5875
5/30/08,2.53875
6/2/08,2.31375
6/3/08,2.3
6/4/08,2.21625
6/5/08,2.125
6/6/08,2.0925
6/9/08,2.10125
6/10/08,2.09625
6/11/08,2.095
6/12/08,2.09625
6/13/08,2.09875
6/16/08,2.35875
6/17/08,2.16
6/18/08,2.09125
6/19/08,2.07875
6/20/08,2.0675
6/23/08,2.085
6/24/08,2.09188
6/25/08,2.105
6/26/08,2.1975
6/27/08,2.4975
6/30/08,3.60625
7/1/08,2.54125
7/2/08,2.44375
7/3/08,2.4425
7/4/08,.
7/7/08,2.39
7/8/08,2.36625
7/9/08,2.3275
7/10/08,2.1775
7/11/08,2.145
7/14/08,2.2025
7/15/08,2.30875
7/16/08,2.19375
7/17/08,2.11125
7/18/08,2.1025
7/21/08,2.10625
7/22/08,2.1
7/23/08,2.09813
7/24/08,2.0975
7/25/08,2.10375
7/28/08,2.2575
7/29/08,2.41625
7/30/08,2.35
7/31/08,2.3225
8/1/08,2.2075
8/4/08,2.20125
8/5/08,2.21875
8/6/08,2.1925
8/7/08,2.19375
8/8/08,2.15875
8/11/08,2.18125
8/12/08,2.1775
8/13/08,2.18375
8/14/08,2.175
8/15/08,2.2525
8/18/08,2.19125
8/19/08,2.16875
8/20/08,2.09625
8/21/08,2.1
8/22/08,2.0975
8/25/08,.
8/26/08,2.14
8/27/08,2.15
8/28/08,2.16375
8/29/08,2.24875
9/1/08,.
9/2/08,2.17125
9/3/08,2.1625
9/4/08,2.1475
9/5/08,2.14375
9/8/08,2.14625
9/9/08,2.135
9/10/08,2.13
9/11/08,2.13875
9/12/08,2.14625
9/15/08,3.10625
9/16/08,6.4375
9/17/08,5.03125
9/18/08,3.84375
9/19/08,3.25
9/22/08,2.96875
9/23/08,2.95
9/24/08,2.6875
9/25/08,2.5625
9/26/08,2.3125
9/29/08,2.56875
9/30/08,6.875
10/1/08,3.79375
10/2/08,2.68125
10/3/08,1.99625
10/6/08,2.36875
10/7/08,3.9375
10/8/08,5.375
10/9/08,5.09375
10/10/08,2.46875
10/13/08,.
10/14/08,2.18125
10/15/08,2.14375
10/16/08,1.9375
10/17/08,1.66875
10/20/08,1.5125
10/21/08,1.28125
10/22/08,1.11875
10/23/08,1.20625
10/24/08,1.28125
10/27/08,1.26875
10/28/08,1.235
10/29/08,1.14
10/30/08,0.73125
10/31/08,0.40625
11/3/08,0.3875
11/4/08,0.375
11/5/08,0.3225
11/6/08,0.3275
11/7/08,0.33125
11/10/08,0.35
11/11/08,.
11/12/08,0.3825
11/13/08,0.4
11/14/08,0.4125
11/17/08,0.4
11/18/08,0.4
11/19/08,0.4375
11/20/08,0.44375
11/21/08,0.7
11/24/08,0.80625
11/25/08,0.93125
11/26/08,0.9875
11/27/08,.
11/28/08,1.1625
12/1/08,1.0875
12/2/08,1.00375
12/3/08,0.88125
12/4/08,0.51875
12/5/08,0.28375
12/8/08,0.18625
12/9/08,0.14
12/10/08,0.125
12/11/08,0.115
12/12/08,0.11875
12/15/08,0.11938
12/16/08,0.15938
12/17/08,0.1325
12/18/08,0.1125
12/19/08,0.11
12/22/08,0.11375
12/23/08,0.1175
12/24/08,0.1475
12/25/08,.
12/26/08,.
12/29/08,0.1375
12/30/08,0.13875
12/31/08,0.135
1/1/09,.
1/2/09,0.12375
1/5/09,0.1175
1/6/09,0.12375
1/7/09,0.1075
1/8/09,0.1025
1/9/09,0.1025
1/12/09,0.10375
1/13/09,0.10375
1/14/09,0.105
1/15/09,0.1175
1/16/09,0.13625
1/19/09,.
1/20/09,0.14125
1/21/09,0.1875
1/22/09,0.21
1/23/09,0.23625
1/26/09,0.2325
1/27/09,0.22
1/28/09,0.22375
1/29/09,0.22125
1/30/09,0.305
2/2/09,0.285
2/3/09,0.31125
2/4/09,0.31875
2/5/09,0.31625
2/6/09,0.31
2/9/09,0.3075
2/10/09,0.305
2/11/09,0.30125
2/12/09,0.2975
2/13/09,0.3
2/16/09,.
2/17/09,0.3125
2/18/09,0.30438
2/19/09,0.29375
2/20/09,0.27813
2/23/09,0.265
2/24/09,0.26625
2/25/09,0.27
2/26/09,0.28438
2/27/09,0.3625
3/2/09,0.31
3/3/09,0.3175
3/4/09,0.3125
3/5/09,0.32
3/6/09,0.3225
3/9/09,0.32875
3/10/09,0.33
3/11/09,0.32938
3/12/09,0.3275
3/13/09,0.32625
3/16/09,0.32563
3/17/09,0.31375
3/18/09,0.30938
3/19/09,0.29625
3/20/09,0.28125
3/23/09,0.28875
3/24/09,0.28563
3/25/09,0.2875
3/26/09,0.29063
3/27/09,0.27875
3/30/09,0.28625
3/31/09,0.51
4/1/09,0.29625
4/2/09,0.29
4/3/09,0.27188
4/6/09,0.28375
4/7/09,0.2775
4/8/09,0.26
4/9/09,0.26125
4/10/09,.
4/13/09,.
4/14/09,0.2675
4/15/09,0.2625
4/16/09,0.25
4/17/09,0.235
4/20/09,0.2225
4/21/09,0.2125
4/22/09,0.20625
4/23/09,0.2025
4/24/09,0.205
4/27/09,0.20875
4/28/09,0.21375
4/29/09,0.2275
4/30/09,0.23125
5/1/09,0.23625
5/4/09,.
5/5/09,0.23875
5/6/09,0.2425
5/7/09,0.235
5/8/09,0.23375
5/11/09,0.22625
5/12/09,0.22125
5/13/09,0.2225
5/14/09,0.2225
5/15/09,0.225
5/18/09,0.21875
5/19/09,0.21875
5/20/09,0.22125
5/21/09,0.2175
5/22/09,0.22625
5/25/09,.
5/26/09,0.23125
5/27/09,0.2625
5/28/09,0.26125
5/29/09,0.27125
6/1/09,0.2625
6/2/09,0.26125
6/3/09,0.26125
6/4/09,0.26063
6/5/09,0.26063
6/8/09,0.26125
6/9/09,0.26875
6/10/09,0.26375
6/11/09,0.26125
6/12/09,0.26
6/15/09,0.26125
6/16/09,0.26125
6/17/09,0.26125
6/18/09,0.26375
6/19/09,0.2675
6/22/09,0.27125
6/23/09,0.2775
6/24/09,0.27563
6/25/09,0.27375
6/26/09,0.265
6/29/09,0.26375
6/30/09,0.2775
7/1/09,0.2675
7/2/09,0.26813
7/3/09,0.26688
7/6/09,0.26063
7/7/09,0.25875
7/8/09,0.25125
7/9/09,0.24813
7/10/09,0.24313
7/13/09,0.24313
7/14/09,0.24438
7/15/09,0.24
7/16/09,0.24125
7/17/09,0.24
7/20/09,0.23875
7/21/09,0.235
7/22/09,0.23
7/23/09,0.22938
7/24/09,0.22313
7/27/09,0.22688
7/28/09,0.22563
7/29/09,0.22938
7/30/09,0.23
7/31/09,0.235
8/3/09,0.23188
8/4/09,0.2425
8/5/09,0.2475
8/6/09,0.24625
8/7/09,0.245
8/10/09,0.2425
8/11/09,0.24125
8/12/09,0.2375
8/13/09,0.2325
8/14/09,0.23375
8/17/09,0.2375
8/18/09,0.235
8/19/09,0.23375
8/20/09,0.23
8/21/09,0.22875
8/24/09,0.22875
8/25/09,0.22813
8/26/09,0.22688
8/27/09,0.22688
8/28/09,0.22938
8/31/09,.
9/1/09,0.22938
9/2/09,0.23
9/3/09,0.22625
9/4/09,0.22313
9/7/09,.
9/8/09,0.22125
9/9/09,0.21875
9/10/09,0.21875
9/11/09,0.21875
9/14/09,0.21875
9/15/09,0.21875
9/16/09,0.21875
9/17/09,0.2175
9/18/09,0.2175
9/21/09,0.2175
9/22/09,0.21375
9/23/09,0.215
9/24/09,0.21375
9/25/09,0.2125
9/28/09,0.2125
9/29/09,0.21
9/30/09,0.21125
10/1/09,0.205
10/2/09,0.2
10/5/09,0.2025
10/6/09,0.2
10/7/09,0.19625
10/8/09,0.195
10/9/09,0.195
10/12/09,.
10/13/09,0.19125
10/14/09,0.18875
10/15/09,0.1875
10/16/09,0.18688
10/19/09,0.18813
10/20/09,0.18813
10/21/09,0.18688
10/22/09,0.185
10/23/09,0.18625
10/26/09,0.18438
10/27/09,0.18375
10/28/09,0.1825
10/29/09,0.17875
10/30/09,0.17875
11/2/09,0.1775
11/3/09,0.1775
11/4/09,0.17875
11/5/09,0.17838
11/6/09,0.17713
11/9/09,0.17838
11/10/09,0.1775
11/11/09,.
11/12/09,0.18
11/13/09,0.17813
11/16/09,0.17813
11/17/09,0.17813
11/18/09,0.17813
11/19/09,0.17563
11/20/09,0.17563
11/23/09,0.17875
11/24/09,0.17875
11/25/09,0.17688
11/26/09,.
11/27/09,0.17938
11/30/09,0.1825
12/1/09,0.17938
12/2/09,0.1825
12/3/09,0.18188
12/4/09,0.18063
12/7/09,0.18125
12/8/09,0.18125
12/9/09,0.18
12/10/09,0.17875
12/11/09,0.17719
12/14/09,0.17813
12/15/09,0.17813
12/16/09,0.17813
12/17/09,0.17938
12/18/09,0.17938
12/21/09,0.17813
12/22/09,0.17813
12/23/09,0.17688
12/24/09,0.17688
12/25/09,.
12/28/09,.
12/29/09,0.18125
12/30/09,0.18
12/31/09,0.16875
1/1/10,.
1/4/10,0.17375
1/5/10,0.175
1/6/10,0.175
1/7/10,0.175
1/8/10,0.17313
1/11/10,0.17313
1/12/10,0.17313
1/13/10,0.17313
1/14/10,0.17188
1/15/10,0.17188
1/18/10,.
1/19/10,0.17188
1/20/10,0.17063
1/21/10,0.16938
1/22/10,0.16938
1/25/10,0.16938
1/26/10,0.17063
1/27/10,0.17063
1/28/10,0.17063
1/29/10,0.17313
2/1/10,0.17063
2/2/10,0.17313
2/3/10,0.17313
2/4/10,0.17188
2/5/10,0.17313
2/8/10,0.17063
2/9/10,0.17063
2/10/10,0.17063
2/11/10,0.17063
2/12/10,0.17188
2/15/10,.
2/16/10,0.17125
2/17/10,0.17125
2/18/10,0.1725
2/19/10,0.1725
2/22/10,0.17625
2/23/10,0.17594
2/24/10,0.17406
2/25/10,0.17406
2/26/10,0.17375
3/1/10,0.175
3/2/10,0.17563
3/3/10,0.17563
3/4/10,0.17813
3/5/10,0.18375
3/8/10,0.1925
3/9/10,0.19219
3/10/10,0.18906
3/11/10,0.18656
3/12/10,0.18656
3/15/10,0.19281
3/16/10,0.22413
3/17/10,0.22225
3/18/10,0.221
3/19/10,0.221
3/22/10,0.21975
3/23/10,0.2185
3/24/10,0.2185
3/25/10,0.21725
3/26/10,0.21813
3/29/10,0.21688
3/30/10,0.21825
3/31/10,0.22513
4/1/10,0.2195
4/2/10,.
4/5/10,.
4/6/10,0.222
4/7/10,0.22575
4/8/10,0.22575
4/9/10,0.22825
4/12/10,0.22825
4/13/10,0.23263
4/14/10,0.23513
4/15/10,0.2475
4/16/10,0.2465
4/19/10,0.249
4/20/10,0.25025
4/21/10,0.25025
4/22/10,0.25025
4/23/10,0.25056
4/26/10,0.24963
4/27/10,0.25088
4/28/10,0.25556
4/29/10,0.25588
4/30/10,0.26313
5/3/10,.
5/4/10,0.26588
5/5/10,0.27188
5/6/10,0.27688
5/7/10,0.32125
5/10/10,0.3125
5/11/10,0.3025
5/12/10,0.29875
5/13/10,0.29625
5/14/10,0.2925
5/17/10,0.3
5/18/10,0.29563
5/19/10,0.29875
5/20/10,0.295
5/21/10,0.29625
5/24/10,0.29563
5/25/10,0.29938
5/26/10,0.30063
5/27/10,0.30125
5/28/10,0.29875
5/31/10,.
6/1/10,0.30338
6/2/10,0.30088
6/3/10,0.30088
6/4/10,0.30088
6/7/10,0.30088
6/8/10,0.29963
6/9/10,0.29963
6/10/10,0.29963
6/11/10,0.299
6/14/10,0.29775
6/15/10,0.2965
6/16/10,0.2965
6/17/10,0.29525
6/18/10,0.29588
6/21/10,0.29813
6/22/10,0.29813
6/23/10,0.29813
6/24/10,0.29563
6/25/10,0.29563
6/28/10,0.29313
6/29/10,0.29375
6/30/10,0.30563
7/1/10,0.30063
7/2/10,0.295
7/5/10,.
7/6/10,0.28875
7/7/10,0.285
7/8/10,0.28125
7/9/10,0.275
7/12/10,0.27375
7/13/10,0.27344
7/14/10,0.27125
7/15/10,0.27
7/16/10,0.26875
7/19/10,0.26375
7/20/10,0.26094
7/21/10,0.25719
7/22/10,0.25125
7/23/10,0.24781
7/26/10,0.24594
7/27/10,0.24563
7/28/10,0.24313
7/29/10,0.24213
7/30/10,0.24094
8/2/10,0.24031
8/3/10,0.24031
8/4/10,0.24031
8/5/10,0.23781
8/6/10,0.23781
8/9/10,0.23656
8/10/10,0.23594
8/11/10,0.23313
8/12/10,0.23125
8/13/10,0.22938
8/16/10,0.22875
8/17/10,0.22663
8/18/10,0.226
8/19/10,0.22725
8/20/10,0.22725
8/23/10,0.22538
8/24/10,0.22538
8/25/10,0.22438
8/26/10,0.22438
8/27/10,0.225
8/30/10,.
8/31/10,0.22813
9/1/10,0.22625
9/2/10,0.22625
9/3/10,0.22625
9/6/10,.
9/7/10,0.22688
9/8/10,0.22688
9/9/10,0.22688
9/10/10,0.22688
9/13/10,0.22688
9/14/10,0.22688
9/15/10,0.22688
9/16/10,0.2275
9/17/10,0.22788
9/20/10,0.22788
9/21/10,0.22788
9/22/10,0.22663
9/23/10,0.22663
9/24/10,0.22538
9/27/10,0.22538
9/28/10,0.225
9/29/10,0.225
9/30/10,0.22625
10/1/10,0.22813
10/4/10,0.22563
10/5/10,0.22563
10/6/10,0.22563
10/7/10,0.225
10/8/10,0.225
10/11/10,.
10/12/10,0.22563
10/13/10,0.22563
10/14/10,0.22688
10/15/10,0.22688
10/18/10,0.22688
10/19/10,0.22625
10/20/10,0.22688
10/21/10,0.22688
10/22/10,0.22563
10/25/10,0.22563
10/26/10,0.22563
10/27/10,0.22563
10/28/10,0.22563
10/29/10,0.22563
11/1/10,0.22563
11/2/10,0.22563
11/3/10,0.22563
11/4/10,0.22563
11/5/10,0.22563
11/8/10,0.22563
11/9/10,0.22563
11/10/10,0.22563
11/11/10,.
11/12/10,0.22563
11/15/10,0.22625
11/16/10,0.22938
11/17/10,0.23063
11/18/10,0.22938
11/19/10,0.22938
11/22/10,0.23063
11/23/10,0.23188
11/24/10,0.23313
11/25/10,.
11/26/10,0.2325
11/29/10,0.2325
11/30/10,0.23625
12/1/10,0.24
12/2/10,0.23969
12/3/10,0.24063
12/6/10,0.24031
12/7/10,0.24156
12/8/10,0.24094
12/9/10,0.24
12/10/10,0.23813
12/13/10,0.23875
12/14/10,0.2375
12/15/10,0.24
12/16/10,0.23875
12/17/10,0.23813
12/20/10,0.24125
12/21/10,0.24125
12/22/10,0.23875
12/23/10,0.24125
12/24/10,0.24438
12/27/10,.
12/28/10,.
12/29/10,0.24563
12/30/10,0.24688
12/31/10,0.25188
1/3/11,.
1/4/11,0.24688
1/5/11,0.24375
1/6/11,0.24375
1/7/11,0.24125
1/10/11,0.24125
1/11/11,0.24
1/12/11,0.24
1/13/11,0.24
1/14/11,0.23875
1/17/11,.
1/18/11,0.24
1/19/11,0.23688
1/20/11,0.23688
1/21/11,0.23688
1/24/11,0.23688
1/25/11,0.23688
1/26/11,0.23688
1/27/11,0.23563
1/28/11,0.23563
1/31/11,0.23531
2/1/11,0.236
2/2/11,0.235
2/3/11,0.237
2/4/11,0.2369
2/7/11,0.2374
2/8/11,0.2355
2/9/11,0.2355
2/10/11,0.234
2/11/11,0.234
2/14/11,0.233
2/15/11,0.2335
2/16/11,0.2335
2/17/11,0.231
2/18/11,0.2295
2/21/11,.
2/22/11,0.228
2/23/11,0.227
2/24/11,0.2255
2/25/11,0.2255
2/28/11,0.2255
3/1/11,0.2255
3/2/11,0.2235
3/3/11,0.2215
3/4/11,0.2215
3/7/11,0.2205
3/8/11,0.2195
3/9/11,0.2175
3/10/11,0.216
3/11/11,0.2155
3/14/11,0.2135
3/15/11,0.2115
3/16/11,0.2115
3/17/11,0.2065
3/18/11,0.2055
3/21/11,0.2045
3/22/11,0.2025
3/23/11,0.1995
3/24/11,0.1955
3/25/11,0.194
3/28/11,0.192
3/29/11,0.189
3/30/11,0.1855
3/31/11,0.1845
4/1/11,0.184
4/4/11,0.1782
4/5/11,0.1697
4/6/11,0.1628
4/7/11,0.157
4/8/11,0.15475
4/11/11,0.15075
4/12/11,0.144
4/13/11,0.1405
4/14/11,0.138
4/15/11,0.1365
4/18/11,0.1345
4/19/11,0.1335
4/20/11,0.1335
4/21/11,0.1355
4/22/11,.
4/25/11,.
4/26/11,0.135
4/27/11,0.13475
4/28/11,0.13375
4/29/11,.
5/2/11,.
5/3/11,0.134
5/4/11,0.1335
5/5/11,0.1315
5/6/11,0.13225
5/9/11,0.13225
5/10/11,0.13225
5/11/11,0.132
5/12/11,0.1315
5/13/11,0.1315
5/16/11,0.1315
5/17/11,0.1305
5/18/11,0.1305
5/19/11,0.13025
5/20/11,0.13
5/23/11,0.13
5/24/11,0.129
5/25/11,0.129
5/26/11,0.129
5/27/11,0.127
5/30/11,.
5/31/11,0.128
6/1/11,0.127
6/2/11,0.1265
6/3/11,0.1265
6/6/11,0.126
6/7/11,0.1265
6/8/11,0.1265
6/9/11,0.127
6/10/11,0.127
6/13/11,0.127
6/14/11,0.1275
6/15/11,0.1285
6/16/11,0.128
6/17/11,0.128
6/20/11,0.128
6/21/11,0.1275
6/22/11,0.1275
6/23/11,0.1265
6/24/11,0.1275
6/27/11,0.1265
6/28/11,0.1265
6/29/11,0.1255
6/30/11,0.128
7/1/11,0.1255
7/4/11,.
7/5/11,0.125
7/6/11,0.1245
7/7/11,0.1245
7/8/11,0.1245
7/11/11,0.1245
7/12/11,0.1255
7/13/11,0.124
7/14/11,0.123
7/15/11,0.12225
7/18/11,0.12175
7/19/11,0.12225
7/20/11,0.12225
7/21/11,0.1225
7/22/11,0.12225
7/25/11,0.1225
7/26/11,0.122
7/27/11,0.12225
7/28/11,0.12375
7/29/11,0.13125
8/1/11,0.12861
8/2/11,0.17167
8/3/11,0.17833
8/4/11,0.15278
8/5/11,0.13611
8/8/11,0.13611
8/9/11,0.13611
8/10/11,0.13833
8/11/11,0.13944
8/12/11,0.14278
8/15/11,0.145
8/16/11,0.14278
8/17/11,0.14167
8/18/11,0.14167
8/19/11,0.14167
8/22/11,0.14333
8/23/11,0.14444
8/24/11,0.14444
8/25/11,0.14444
8/26/11,0.14333
8/29/11,.
8/30/11,0.14333
8/31/11,0.14667
9/1/11,0.14222
9/2/11,0.14111
9/5/11,.
9/6/11,0.14333
9/7/11,0.14333
9/8/11,0.14444
9/9/11,0.14278
9/12/11,0.14389
9/13/11,0.145
9/14/11,0.14667
9/15/11,0.14722
9/16/11,0.14667
9/19/11,0.14833
9/20/11,0.14667
9/21/11,0.14611
9/22/11,0.14611
9/23/11,0.14611
9/26/11,0.14611
9/27/11,0.145
9/28/11,0.14611
9/29/11,0.145
9/30/11,0.15222
10/3/11,0.14444
10/4/11,0.14333
10/5/11,0.14278
10/6/11,0.14267
10/7/11,0.13944
10/10/11,.
10/11/11,0.14167
10/12/11,0.14056
10/13/11,0.14056
10/14/11,0.13944
10/17/11,0.14278
10/18/11,0.14056
10/19/11,0.14056
10/20/11,0.14167
10/21/11,0.14167
10/24/11,0.14167
10/25/11,0.14222
10/26/11,0.14222
10/27/11,0.14222
10/28/11,0.14222
10/31/11,0.14222
11/1/11,0.14222
11/2/11,0.14222
11/3/11,0.14111
11/4/11,0.14111
11/7/11,0.14111
11/8/11,0.14111
11/9/11,0.14056
11/10/11,0.14111
11/11/11,.
11/14/11,0.14222
11/15/11,0.14389
11/16/11,0.14167
11/17/11,0.14278
11/18/11,0.14278
11/21/11,0.14278
11/22/11,0.14278
11/23/11,0.14278
11/24/11,.
11/25/11,0.14389
11/28/11,0.14611
11/29/11,0.145
11/30/11,0.145
12/1/11,0.14556
12/2/11,0.14611
12/5/11,0.1495
12/6/11,0.15
12/7/11,0.1505
12/8/11,0.15
12/9/11,0.15
12/12/11,0.15
12/13/11,0.1505
12/14/11,0.1505
12/15/11,0.1505
12/16/11,0.1505
12/19/11,0.1505
12/20/11,0.1505
12/21/11,0.1505
12/22/11,0.15
12/23/11,0.15
12/26/11,.
12/27/11,.
12/28/11,0.15
12/29/11,0.1495
12/30/11,0.154
1/2/12,.
1/3/12,0.149
1/4/12,0.15
1/5/12,0.1495
1/6/12,0.149
1/9/12,0.149
1/10/12,0.15
1/11/12,0.149
1/12/12,0.147
1/13/12,0.146
1/16/12,.
1/17/12,0.1465
1/18/12,0.1464
1/19/12,0.1454
1/20/12,0.1443
1/23/12,0.1445
1/24/12,0.1445
1/25/12,0.1415
1/26/12,0.141
1/27/12,0.141
1/30/12,0.1395
1/31/12,0.1395
2/1/12,0.139
2/2/12,0.141
2/3/12,0.142
2/6/12,0.1415
2/7/12,0.144
2/8/12,0.142
2/9/12,0.142
2/10/12,0.142
2/13/12,0.142
2/14/12,0.144
2/15/12,0.143
2/16/12,0.142
2/17/12,0.141
2/20/12,.
2/21/12,0.1405
2/22/12,0.1405
2/23/12,0.1395
2/24/12,0.1385
2/27/12,0.139
2/28/12,0.139
2/29/12,0.139
3/1/12,0.1385
3/2/12,0.1395
3/5/12,0.1405
3/6/12,0.1415
3/7/12,0.1415
3/8/12,0.1415
3/9/12,0.1415
3/12/12,0.1425
3/13/12,0.1437
3/14/12,0.1467
3/15/12,0.1485
3/16/12,0.1485
3/19/12,0.149
3/20/12,0.1515
3/21/12,0.1525
3/22/12,0.1535
3/23/12,0.153
3/26/12,0.153
3/27/12,0.153
3/28/12,0.153
3/29/12,0.153
3/30/12,0.1525
4/2/12,0.15
4/3/12,0.151
4/4/12,0.151
4/5/12,0.151
4/6/12,.
4/9/12,.
4/10/12,0.151
4/11/12,0.151
4/12/12,0.15
4/13/12,0.15
4/16/12,0.15
4/17/12,0.15
4/18/12,0.148
4/19/12,0.149
4/20/12,0.148
4/23/12,0.147
4/24/12,0.145
4/25/12,0.144
4/26/12,0.146
4/27/12,0.146
4/30/12,0.147
5/1/12,0.147
5/2/12,0.147
5/3/12,0.147
5/4/12,0.147
5/7/12,.
5/8/12,0.147
5/9/12,0.147
5/10/12,0.148
5/11/12,0.149
5/14/12,0.15
5/15/12,0.1515
5/16/12,0.1555
5/17/12,0.1545
5/18/12,0.155
5/21/12,0.1555
5/22/12,0.1555
5/23/12,0.156
5/24/12,0.153
5/25/12,0.153
5/28/12,.
5/29/12,0.154
5/30/12,0.154
5/31/12,0.156
6/1/12,0.157
6/4/12,.
6/5/12,.
6/6/12,0.159
6/7/12,0.159
6/8/12,0.1595
6/11/12,0.1595
6/12/12,0.1595
6/13/12,0.1605
6/14/12,0.1605
6/15/12,0.1625
6/18/12,0.1625
6/19/12,0.164
6/20/12,0.165
6/21/12,0.166
6/22/12,0.166
6/25/12,0.166
6/26/12,0.167
6/27/12,0.1665
6/28/12,0.1675
6/29/12,0.1695
7/2/12,0.168
7/3/12,0.17
7/4/12,.
7/5/12,0.1705
7/6/12,0.1705
7/9/12,0.1705
7/10/12,0.1705
7/11/12,0.169
7/12/12,0.169
7/13/12,0.169
7/16/12,0.169
7/17/12,0.169
7/18/12,0.169
7/19/12,0.168
7/20/12,0.1665
7/23/12,0.1655
7/24/12,0.1625
7/25/12,0.1629
7/26/12,0.1629
7/27/12,0.1624
7/30/12,0.1624
7/31/12,0.1614
8/1/12,0.1599
8/2/12,0.1594
8/3/12,0.1589
8/6/12,0.1584
8/7/12,0.1564
8/8/12,0.1544
8/9/12,0.1534
8/10/12,0.1534
8/13/12,0.1514
8/14/12,0.1539
8/15/12,0.1529
8/16/12,0.1529
8/17/12,0.1524
8/20/12,0.1524
8/21/12,0.1524
8/22/12,0.1524
8/23/12,0.1514
8/24/12,0.1514
8/27/12,.
8/28/12,0.1514
8/29/12,0.1514
8/30/12,0.1514
8/31/12,0.1504
9/3/12,.
9/4/12,0.1514
9/5/12,0.1514
9/6/12,0.1529
9/7/12,0.1524
9/10/12,0.1524
9/11/12,0.1524
9/12/12,0.1524
9/13/12,0.1524
9/14/12,0.1539
9/17/12,0.1529
9/18/12,0.1519
9/19/12,0.1519
9/20/12,0.1514
9/21/12,0.1514
9/24/12,0.1514
9/25/12,0.1509
9/26/12,0.1509
9/27/12,0.1516
9/28/12,0.1516
10/1/12,0.1501
10/2/12,0.1501
10/3/12,0.1521
10/4/12,0.1521
10/5/12,0.1531
10/8/12,0.1531
10/9/12,0.1531
10/10/12,0.1525
10/11/12,0.1525
10/12/12,0.1525
10/15/12,0.1535
10/16/12,0.1545
10/17/12,0.1535
10/18/12,0.1535
10/19/12,0.1535
10/22/12,0.1535
10/23/12,0.1535
10/24/12,0.1535
10/25/12,0.1545
10/26/12,0.1535
10/29/12,0.1545
10/30/12,0.155
10/31/12,0.156
11/1/12,0.155
11/2/12,0.156
11/5/12,0.156
11/6/12,0.1545
11/7/12,0.1545
11/8/12,0.153
11/9/12,0.154
11/12/12,0.154
11/13/12,0.153
11/14/12,0.1535
11/15/12,0.1545
11/16/12,0.1545
11/19/12,0.1545
11/20/12,0.1545
11/21/12,0.1545
11/22/12,0.1545
11/23/12,0.155
11/26/12,0.156
11/27/12,0.159
11/28/12,0.16
11/29/12,0.16
11/30/12,0.1605
12/3/12,0.1605
12/4/12,0.16
12/5/12,0.16
12/6/12,0.1625
12/7/12,0.1625
12/10/12,0.1625
12/11/12,0.1615
12/12/12,0.1615
12/13/12,0.1615
12/14/12,0.1625
12/17/12,0.164
12/18/12,0.1635
12/19/12,0.1635
12/20/12,0.1635
12/21/12,0.1635
12/24/12,0.1655
12/25/12,.
12/26/12,.
12/27/12,0.167
12/28/12,0.1665
12/31/12,0.168
1/1/13,.
1/2/13,0.1655
1/3/13,0.1665
1/4/13,0.1665
1/7/13,0.1645
1/8/13,0.164
1/9/13,0.164
1/10/13,0.1605
1/11/13,0.1595
1/14/13,0.1595
1/15/13,0.1595
1/16/13,0.1635
1/17/13,0.1585
1/18/13,0.158
1/21/13,0.158
1/22/13,0.1605
1/23/13,0.1595
1/24/13,0.1565
1/25/13,0.159
1/28/13,0.16
1/29/13,0.157
1/30/13,0.155
1/31/13,0.154
2/1/13,0.155
2/4/13,0.155
2/5/13,0.156
2/6/13,0.154
2/7/13,0.153
2/8/13,0.153
2/11/13,0.154
2/12/13,0.153
2/13/13,0.152
2/14/13,0.154
2/15/13,0.155
2/18/13,.
2/19/13,0.154
2/20/13,0.1555
2/21/13,0.1565
2/22/13,0.1565
2/25/13,0.1565
2/26/13,0.1565
2/27/13,0.1555
2/28/13,0.153
3/1/13,0.154
3/4/13,0.154
3/5/13,0.154
3/6/13,0.153
3/7/13,0.155
3/8/13,0.155
3/11/13,0.155
3/12/13,0.155
3/13/13,0.155
3/14/13,0.153
3/15/13,0.153
3/18/13,0.155
3/19/13,0.156
3/20/13,0.155
3/21/13,0.156
3/22/13,0.157
3/25/13,0.157
3/26/13,0.157
3/27/13,0.156
3/28/13,0.156
3/29/13,.
4/1/13,.
4/2/13,0.154
4/3/13,0.154
4/4/13,0.154
4/5/13,0.154
4/8/13,0.155
4/9/13,0.155
4/10/13,0.155
4/11/13,0.155
4/12/13,0.157
4/15/13,0.157
4/16/13,0.157
4/17/13,0.157
4/18/13,0.157
4/19/13,0.156
4/22/13,0.155
4/23/13,0.154
4/24/13,0.152
4/25/13,0.15
4/26/13,0.149
4/29/13,0.148
4/30/13,0.147
5/1/13,0.148
5/2/13,0.15
5/3/13,0.15
5/6/13,.
5/7/13,0.1485
5/8/13,0.1485
5/9/13,0.1475
5/10/13,0.146
5/13/13,0.1465
5/14/13,0.146
5/15/13,0.145
5/16/13,0.147
5/17/13,0.1465
5/20/13,0.1464
5/21/13,0.1464
5/22/13,0.1425
5/23/13,0.1389
5/24/13,0.135
5/27/13,.
5/28/13,0.1337
5/29/13,0.1349
5/30/13,0.1341
5/31/13,0.1322
6/3/13,0.1338
6/4/13,0.1343
6/5/13,0.133
6/6/13,0.133
6/7/13,0.1326
6/10/13,0.1329
6/11/13,0.1314
6/12/13,0.1314
6/13/13,0.1305
6/14/13,0.129
6/17/13,0.1308
6/18/13,0.1283
6/19/13,0.1271
6/20/13,0.1269
6/21/13,0.1303
6/24/13,0.1316
6/25/13,0.1321
6/26/13,0.1319
6/27/13,0.1289
6/28/13,0.125
7/1/13,0.1245
7/2/13,0.1263
7/3/13,0.1243
7/4/13,.
7/5/13,0.1253
7/8/13,0.1243
7/9/13,0.1251
7/10/13,0.1251
7/11/13,0.1209
7/12/13,0.1202
7/15/13,0.11979
7/16/13,0.11894
7/17/13,0.11768
7/18/13,0.11812
7/19/13,0.11746
7/22/13,0.12021
7/23/13,0.11935
7/24/13,0.11965
7/25/13,0.11938
7/26/13,0.11874
7/29/13,0.1198
7/30/13,0.119
7/31/13,0.1187
8/1/13,0.1176
8/2/13,0.11703
8/5/13,0.1186
8/6/13,0.1196
8/7/13,0.1198
8/8/13,0.1207
8/9/13,0.1196
8/12/13,0.1198
8/13/13,0.1189
8/14/13,0.1183
8/15/13,0.1178
8/16/13,0.1176
8/19/13,0.1165
8/20/13,0.1162
8/21/13,0.1153
8/22/13,0.1157
8/23/13,0.1168
8/26/13,.
8/27/13,0.1173
8/28/13,0.118
8/29/13,0.117
8/30/13,0.1163
9/2/13,.
9/3/13,0.1153
9/4/13,0.1158
9/5/13,0.1165
9/6/13,0.1165
9/9/13,0.1157
9/10/13,0.1152
9/11/13,0.114
9/12/13,0.1128
9/13/13,0.1119
9/16/13,0.113
9/17/13,0.1115
9/18/13,0.1115
9/19/13,0.1114
9/20/13,0.1119
9/23/13,0.1114
9/24/13,0.1105
9/25/13,0.1111
9/26/13,0.1104
9/27/13,0.1093
9/30/13,0.1052
10/1/13,0.105
10/2/13,0.1051
10/3/13,0.1032
10/4/13,0.1013
10/7/13,0.1022
10/8/13,0.1018
10/9/13,0.1022
10/10/13,0.1065
10/11/13,0.1038
10/14/13,.
10/15/13,0.1048
10/16/13,0.1069
10/17/13,0.1077
10/18/13,0.109
10/21/13,0.1066
10/22/13,0.1051
10/23/13,0.1051
10/24/13,0.1026
10/25/13,0.1024
10/28/13,0.1033
10/29/13,0.1035
10/30/13,0.1024
10/31/13,0.1037
11/1/13,0.0999
11/4/13,0.1014
11/5/13,0.1024
11/6/13,0.1023
11/7/13,0.1017
11/8/13,0.1021
11/11/13,.
11/12/13,0.1006
11/13/13,0.1012
11/14/13,0.1017
11/15/13,0.1049
11/18/13,0.1063
11/19/13,0.1037
11/20/13,0.1036
11/21/13,0.1031
11/22/13,0.1028
11/25/13,0.1041
11/26/13,0.1033
11/27/13,0.1029
11/28/13,.
11/29/13,0.1047
12/2/13,0.101
12/3/13,0.1026
12/4/13,0.1025
12/5/13,0.103
12/6/13,0.1041
12/9/13,0.1037
12/10/13,0.1021
12/11/13,0.1015
12/12/13,0.1013
12/13/13,0.1
12/16/13,0.1017
12/17/13,0.1018
12/18/13,0.1021
12/19/13,0.102
12/20/13,0.1018
12/23/13,0.1011
12/24/13,0.1007
12/25/13,.
12/26/13,.
12/27/13,0.096
12/30/13,0.096
12/31/13,0.0795
1/1/14,.
1/2/14,0.0956
1/3/14,0.095
1/6/14,0.0945
1/7/14,0.0926
1/8/14,0.0925
1/9/14,0.0919
1/10/14,0.0918
1/13/14,0.0921
1/14/14,0.0921
1/15/14,0.09
1/16/14,0.0896
1/17/14,0.0886
1/20/14,.
1/21/14,0.0896
1/22/14,0.0901
1/23/14,0.0898
1/24/14,0.0887
1/27/14,0.0866
1/28/14,0.0851
1/29/14,0.0847
1/30/14,0.085
1/31/14,0.0862
2/3/14,0.0855
2/4/14,0.085
2/5/14,0.085
2/6/14,0.085
2/7/14,0.0856
2/10/14,0.0856
2/11/14,0.085
2/12/14,0.0865
2/13/14,0.086
2/14/14,0.0856
2/17/14,.
2/18/14,0.084
2/19/14,0.0861
2/20/14,0.0865
2/21/14,0.0865
2/24/14,0.0874
2/25/14,0.0876
2/26/14,0.0882
2/27/14,0.0887
2/28/14,0.09
3/3/14,0.0878
3/4/14,0.0883
3/5/14,0.0879
3/6/14,0.0876
3/7/14,0.0877
3/10/14,0.0901
3/11/14,0.0885
3/12/14,0.0889
3/13/14,0.0879
3/14/14,0.0878
3/17/14,0.0886
3/18/14,0.0885
3/19/14,0.089
3/20/14,0.0885
3/21/14,0.0905
3/24/14,0.0903
3/25/14,0.0904
3/26/14,0.0903
3/27/14,0.0908
3/28/14,0.0899
3/31/14,0.0855
4/1/14,0.0884
4/2/14,0.0874
4/3/14,0.0881
4/4/14,0.0884
4/7/14,0.0865
4/8/14,0.0885
4/9/14,0.0886
4/10/14,0.0885
4/11/14,0.087
4/14/14,0.087
4/15/14,0.088
4/16/14,0.0907
4/17/14,0.0905
4/18/14,.
4/21/14,.
4/22/14,0.0915
4/23/14,0.0898
4/24/14,0.0889
4/25/14,0.0897
4/28/14,0.0895
4/29/14,0.0882
4/30/14,0.0876
5/1/14,0.088
5/2/14,0.0885
5/5/14,.
5/6/14,0.0905
5/7/14,0.0891
5/8/14,0.0885
5/9/14,0.0886
5/12/14,0.0894
5/13/14,0.0898
5/14/14,0.0879
5/15/14,0.0893
5/16/14,0.0884
5/19/14,0.0875
5/20/14,0.0879
5/21/14,0.088
5/22/14,0.0883
5/23/14,0.0877
5/26/14,.
5/27/14,0.0884
5/28/14,0.0885
5/29/14,0.0875
5/30/14,0.0866
6/2/14,0.089
6/3/14,0.088
6/4/14,0.09
6/5/14,0.0925
6/6/14,0.0909
6/9/14,0.0901
6/10/14,0.0893
6/11/14,0.0888
6/12/14,0.0919
6/13/14,0.0922
6/16/14,0.0921
6/17/14,0.094
6/18/14,0.096
6/19/14,0.095
6/20/14,0.0955
6/23/14,0.0953
6/24/14,0.096
6/25/14,0.0955
6/26/14,0.0962
6/27/14,0.0966
6/30/14,0.0936
7/1/14,0.095
7/2/14,0.0959
7/3/14,0.0954
7/4/14,.
7/7/14,0.0945
7/8/14,0.0941
7/9/14,0.0942
7/10/14,0.094
7/11/14,0.0939
7/14/14,0.0934
7/15/14,0.0942
7/16/14,0.0924
7/17/14,0.0925
7/18/14,0.093
7/21/14,0.0915
7/22/14,0.0925
7/23/14,0.092
7/24/14,0.0913
7/25/14,0.0915
7/28/14,0.0907
7/29/14,0.0911
7/30/14,0.091
7/31/14,0.0865
8/1/14,0.0899
8/4/14,0.0905
8/5/14,0.0899
8/6/14,0.0899
8/7/14,0.0895
8/8/14,0.0895
8/11/14,0.0902
8/12/14,0.0901
8/13/14,0.0903
8/14/14,0.0911
8/15/14,0.0915
8/18/14,0.0914
8/19/14,0.0919
8/20/14,0.0911
8/21/14,0.092
8/22/14,0.0919
8/25/14,.
8/26/14,0.092
8/27/14,0.092
8/28/14,0.0915
8/29/14,0.0895
9/1/14,.
9/2/14,0.0905
9/3/14,0.0905
9/4/14,0.091
9/5/14,0.091
9/8/14,0.091
9/9/14,0.0905
9/10/14,0.0909
9/11/14,0.0906
9/12/14,0.091
9/15/14,0.091
9/16/14,0.091
9/17/14,0.091
9/18/14,0.0907
9/19/14,0.0912
9/22/14,0.0903
9/23/14,0.0909
9/24/14,0.0908
9/25/14,0.0908
9/26/14,0.0905
9/29/14,0.0905
9/30/14,0.0808
10/1/14,0.0908
10/2/14,0.0895
10/3/14,0.0899
10/6/14,0.0905
10/7/14,0.0902
10/8/14,0.09
10/9/14,0.0904
10/10/14,0.0905
10/13/14,.
10/14/14,0.091
10/15/14,0.092
10/16/14,0.0913
10/17/14,0.091
10/20/14,0.0915
10/21/14,0.091
10/22/14,0.0915
10/23/14,0.0905
10/24/14,0.0905
10/27/14,0.09
10/28/14,0.0905
10/29/14,0.0915
10/30/14,0.0911
10/31/14,0.088
11/3/14,0.0925
11/4/14,0.0925
11/5/14,0.0925
11/6/14,0.0935
11/7/14,0.094
11/10/14,0.094
11/11/14,.
11/12/14,0.0945
11/13/14,0.0939
11/14/14,0.094
11/17/14,0.0945
11/18/14,0.0964
11/19/14,0.0985
11/20/14,0.0994
11/21/14,0.1015
11/24/14,0.1015
11/25/14,0.1025
11/26/14,0.102
11/27/14,.
11/28/14,0.0977
12/1/14,0.1017
12/2/14,0.1067
12/3/14,0.1095
12/4/14,0.111
12/5/14,0.111
12/8/14,0.111
12/9/14,0.11
12/10/14,0.112
12/11/14,0.1125
12/12/14,0.1104
12/15/14,0.1105
12/16/14,0.11
12/17/14,0.1108
12/18/14,0.1117
12/19/14,0.114
12/22/14,0.1142
12/23/14,0.1141
12/24/14,0.1151
12/25/14,.
12/26/14,.
12/29/14,0.1161
12/30/14,0.1146
12/31/14,0.0852
1/1/15,.
1/2/15,0.1126
1/5/15,0.1164
1/6/15,0.1187
1/7/15,0.1189
1/8/15,0.1191
1/9/15,0.1191
1/12/15,0.1165
1/13/15,0.1167
1/14/15,0.1196
1/15/15,0.1201
1/16/15,0.1201
1/19/15,.
1/20/15,0.1208
1/21/15,0.1214
1/22/15,0.1214
1/23/15,0.1199
1/26/15,0.1199
1/27/15,0.1196
1/28/15,0.1177
1/29/15,0.1194
1/30/15,0.115
2/2/15,0.116
2/3/15,0.1175
2/4/15,0.118
2/5/15,0.118
2/6/15,0.1175
2/9/15,0.117
2/10/15,0.116
2/11/15,0.118
2/12/15,0.1195
2/13/15,0.1175
2/16/15,.
2/17/15,0.1175
2/18/15,0.118
2/19/15,0.1185
2/20/15,0.1205
2/23/15,0.119
2/24/15,0.119
2/25/15,0.118
2/26/15,0.118
2/27/15,0.116
3/2/15,0.1192
3/3/15,0.1215
3/4/15,0.1215
3/5/15,0.1215
3/6/15,0.1215
3/9/15,0.1215
3/10/15,0.122
3/11/15,0.122
3/12/15,0.1225
3/13/15,0.123
3/16/15,0.123
3/17/15,0.1225
3/18/15,0.122
3/19/15,0.122
3/20/15,0.122
3/23/15,0.1225
3/24/15,0.122
3/25/15,0.1215
3/26/15,0.121
3/27/15,0.121
3/30/15,0.12
3/31/15,0.114
4/1/15,0.1225
4/2/15,0.1215
4/3/15,.
4/6/15,.
4/7/15,0.122
4/8/15,0.121
4/9/15,0.121
4/10/15,0.122
4/13/15,0.122
4/14/15,0.122
4/15/15,0.122
4/16/15,0.122
4/17/15,0.122
4/20/15,0.122
4/21/15,0.1225
4/22/15,0.122
4/23/15,0.1225
4/24/15,0.1225
4/27/15,0.1225
4/28/15,0.123
4/29/15,0.123
4/30/15,0.12
5/1/15,0.122
5/4/15,.
5/5/15,0.123
5/6/15,0.123
5/7/15,0.123
5/8/15,0.123
5/11/15,0.123
5/12/15,0.123
5/13/15,0.123
5/14/15,0.123
5/15/15,0.124
5/18/15,0.124
5/19/15,0.124
5/20/15,0.124
5/21/15,0.124
5/22/15,0.124
5/25/15,.
5/26/15,0.123
5/27/15,0.123
5/28/15,0.123
5/29/15,0.121
6/1/15,0.123
6/2/15,0.1235
6/3/15,0.123
6/4/15,0.123
6/5/15,0.123
6/8/15,0.123
6/9/15,0.123
6/10/15,0.123
6/11/15,0.123
6/12/15,0.123
6/15/15,0.1235
6/16/15,0.1235
6/17/15,0.123
6/18/15,0.1235
6/19/15,0.1245
6/22/15,0.1245
6/23/15,0.124
6/24/15,0.1235
6/25/15,0.1245
6/26/15,0.124
6/29/15,0.1236
6/30/15,0.112
7/1/15,0.123
7/2/15,0.125
7/3/15,0.1255
7/6/15,0.1255
7/7/15,0.126
7/8/15,0.1255
7/9/15,0.1255
7/10/15,0.1265
7/13/15,0.128
7/14/15,0.128
7/15/15,0.128
7/16/15,0.128
7/17/15,0.128
7/20/15,0.1275
7/21/15,0.1275
7/22/15,0.1285
7/23/15,0.1265
7/24/15,0.1265
7/27/15,0.126
7/28/15,0.126
7/29/15,0.126
7/30/15,0.1265
7/31/15,0.1214
8/3/15,0.1265
8/4/15,0.1265
8/5/15,0.1265
8/6/15,0.126
8/7/15,0.126
8/10/15,0.1265
8/11/15,0.1275
8/12/15,0.128
8/13/15,0.1285
8/14/15,0.1305
8/17/15,0.1325
8/18/15,0.1325
8/19/15,0.133
8/20/15,0.133
8/21/15,0.133
8/24/15,0.133
8/25/15,0.1325
8/26/15,0.133
8/27/15,0.1335
8/28/15,0.1335
8/31/15,.
9/1/15,0.132
9/2/15,0.133
9/3/15,0.1355
9/4/15,0.1355
9/7/15,.
9/8/15,0.1355
9/9/15,0.135
9/10/15,0.1345
9/11/15,0.1355
9/14/15,0.136
9/15/15,0.1365
9/16/15,0.1365
9/17/15,0.1375
9/18/15,0.1375
9/21/15,0.1355
9/22/15,0.1355
9/23/15,0.136
9/24/15,0.136
9/25/15,0.1345
9/28/15,0.1345
9/29/15,0.1335
9/30/15,0.1162
10/1/15,0.1325
10/2/15,0.1325
10/5/15,0.1325
10/6/15,0.132
10/7/15,0.1315
10/8/15,0.131
10/9/15,0.132
10/12/15,.
10/13/15,0.132
10/14/15,0.132
10/15/15,0.1325
10/16/15,0.132
10/19/15,0.1315
10/20/15,0.132
10/21/15,0.132
10/22/15,0.132
10/23/15,0.1315
10/26/15,0.1315
10/27/15,0.1315
10/28/15,0.132
10/29/15,0.132
10/30/15,0.1248
11/2/15,0.131
11/3/15,0.131
11/4/15,0.131
11/5/15,0.131
11/6/15,0.131
11/9/15,0.131
11/10/15,0.131
11/11/15,.
11/12/15,0.1305
11/13/15,0.131
11/16/15,0.131
11/17/15,0.131
11/18/15,0.131
11/19/15,0.13
11/20/15,0.131
11/23/15,0.1305
11/24/15,0.1305
11/25/15,0.1305
11/26/15,.
11/27/15,0.1305
11/30/15,0.128
12/1/15,0.1305
12/2/15,0.1305
12/3/15,0.1305
12/4/15,0.1305
12/7/15,0.13
12/8/15,0.1295
12/9/15,0.1295
12/10/15,0.1315
12/11/15,0.1335
12/14/15,0.135
12/15/15,0.1355
12/16/15,0.1518
12/17/15,0.3614
12/18/15,0.3658
12/21/15,0.3672
12/22/15,0.3674
12/23/15,0.3673
12/24/15,0.3671
12/25/15,.
12/28/15,.
12/29/15,0.366
12/30/15,0.3661
12/31/15,0.2745
1/1/16,.
1/4/16,0.3658
1/5/16,0.365
1/6/16,0.3661
1/7/16,0.3651
1/8/16,0.3662
1/11/16,0.3661
1/12/16,0.3661
1/13/16,0.3663
1/14/16,0.3661
1/15/16,0.3661
1/18/16,.
1/19/16,0.366
1/20/16,0.3655
1/21/16,0.3658
1/22/16,0.3659
1/25/16,0.366
1/26/16,0.3657
1/27/16,0.3659
1/28/16,0.3684
1/29/16,0.3674
2/1/16,0.366
2/2/16,0.369
2/3/16,0.3686
2/4/16,0.3704
2/5/16,0.37
2/8/16,0.3763
2/9/16,0.3771
2/10/16,0.3731
2/11/16,0.3715
2/12/16,0.3708
2/15/16,.
2/16/16,0.371
2/17/16,0.37
2/18/16,0.3714
2/19/16,0.3709
2/22/16,0.371
2/23/16,0.371
2/24/16,0.3715
2/25/16,0.3743
2/26/16,0.3745
2/29/16,0.3715
3/1/16,0.3679
3/2/16,0.3715
3/3/16,0.373
3/4/16,0.372
3/7/16,0.372
3/8/16,0.372
3/9/16,0.372
3/10/16,0.3725
3/11/16,0.3725
3/14/16,0.3743
3/15/16,0.3753
3/16/16,0.3743
3/17/16,0.3748
3/18/16,0.3743
3/21/16,0.3743
3/22/16,0.3743
3/23/16,0.3753
3/24/16,0.3745
3/25/16,.
3/28/16,.
3/29/16,0.3755
3/30/16,0.3772
3/31/16,0.3831
4/1/16,0.3791
4/4/16,0.3794
4/5/16,0.3777
4/6/16,0.3782
4/7/16,0.3782
4/8/16,0.3775
4/11/16,0.3792
4/12/16,0.3792
4/13/16,0.3802
4/14/16,0.3797
4/15/16,0.3807
4/18/16,0.3812
4/19/16,0.3827
4/20/16,0.3822
4/21/16,0.3817
4/22/16,0.3812
4/25/16,0.3812
4/26/16,0.3807
4/27/16,0.3802
4/28/16,0.3827
4/29/16,0.3837
5/2/16,.
5/3/16,0.3857
5/4/16,0.3858
5/5/16,0.385
5/6/16,.
5/9/16,0.385
5/10/16,0.3845
5/11/16,0.385
5/12/16,0.385
5/13/16,0.3855
5/16/16,0.3855
5/17/16,0.386
5/18/16,0.385
5/19/16,0.384
5/20/16,0.3845
5/23/16,0.385
5/24/16,0.385
5/25/16,0.3861
5/26/16,0.3861
5/27/16,0.385
5/30/16,.
5/31/16,0.3865
6/1/16,0.3855
6/2/16,0.3855
6/3/16,0.3861
6/6/16,0.3861
6/7/16,0.3865
6/8/16,0.3876
6/9/16,0.3856
6/10/16,0.3861
6/13/16,0.3855
6/14/16,0.3855
6/15/16,0.385
6/16/16,0.3855
6/17/16,0.3865
6/20/16,0.3901
6/21/16,0.3901
6/22/16,0.3896
6/23/16,0.3911
6/24/16,0.3934
6/27/16,0.4001
6/28/16,0.4016
6/29/16,0.4051
6/30/16,0.4116
7/1/16,0.4061
7/4/16,.
7/5/16,0.4096
7/6/16,0.4112
7/7/16,0.4127
7/8/16,0.4122
7/11/16,0.4137
7/12/16,0.4122
7/13/16,0.4127
7/14/16,0.4122
7/15/16,0.4152
7/18/16,0.4159
7/19/16,0.4159
7/20/16,0.4174
7/21/16,0.4179
7/22/16,0.4179
7/25/16,0.4179
7/26/16,0.4179
7/27/16,0.4164
7/28/16,0.4159
7/29/16,0.4129
8/1/16,0.4144
8/2/16,0.4179
8/3/16,0.4174
8/4/16,0.4179
8/5/16,0.4189
8/8/16,0.4189
8/9/16,0.4188
8/10/16,0.4197
8/11/16,0.4202
8/12/16,0.4191
8/15/16,0.41889
8/16/16,0.41778
8/17/16,0.41722
8/18/16,0.41722
8/19/16,0.41556
8/22/16,0.41667
8/23/16,0.41778
8/24/16,0.41833
8/25/16,0.41989
8/26/16,0.41833
8/29/16,.
8/30/16,0.41944
8/31/16,0.41944
9/1/16,0.41611
9/2/16,0.42044
9/5/16,.
9/6/16,0.42044
9/7/16,0.42156
9/8/16,0.42211
9/9/16,0.42156
9/12/16,0.421
9/13/16,0.421
9/14/16,0.42211
9/15/16,0.42156
9/16/16,0.42044
9/19/16,0.42156
9/20/16,0.42211
9/21/16,0.42211
9/22/16,0.42322
9/23/16,0.42322
9/26/16,0.42433
9/27/16,0.42544
9/28/16,0.42063
9/29/16,0.41989
9/30/16,0.42378
10/3/16,0.42267
10/4/16,0.42433
10/5/16,0.42822
10/6/16,0.42878
10/7/16,0.42656
10/10/16,.
10/11/16,0.42767
10/12/16,0.42878
10/13/16,0.431
10/14/16,0.43044
10/17/16,0.43322
10/18/16,0.43322
10/19/16,0.43378
10/20/16,0.43322
10/21/16,0.43322
10/24/16,0.43211
10/25/16,0.43433
10/26/16,0.43433
10/27/16,0.43489
10/28/16,0.43544
10/31/16,0.43344
11/1/16,0.43456
11/2/16,0.43733
11/3/16,0.43678
11/4/16,0.43511
11/7/16,0.43456
11/8/16,0.434
11/9/16,0.43233
11/10/16,0.43233
11/11/16,.
11/14/16,0.43344
11/15/16,0.43289
11/16/16,0.43289
11/17/16,0.43456
11/18/16,0.43367
11/21/16,0.43367
11/22/16,0.43367
11/23/16,0.43422
11/24/16,.
11/25/16,0.43478
11/28/16,0.43422
11/29/16,0.43422
11/30/16,0.43056
12/1/16,0.43422
12/2/16,0.43478
12/5/16,0.43478
12/6/16,0.43422
12/7/16,0.43367
12/8/16,0.43311
12/9/16,0.43422
12/12/16,0.437
12/13/16,0.437
12/14/16,0.43867
12/15/16,0.67889
12/16/16,0.68389
12/19/16,0.68111
12/20/16,0.68378
12/21/16,0.686
12/22/16,0.68656
12/23/16,0.69378
12/26/16,.
12/27/16,.
12/28/16,0.68656
12/29/16,0.68822
12/30/16,0.69211
1/2/17,.
1/3/17,0.69544
1/4/17,0.69044
1/5/17,0.69222
1/6/17,0.691
1/9/17,0.693
1/10/17,0.69333
1/11/17,0.69278
1/12/17,0.69278
1/13/17,0.69278
1/16/17,.
1/17/17,0.69
1/18/17,0.68944
1/19/17,0.69
1/20/17,0.68833
1/23/17,0.68889
1/24/17,0.68833
1/25/17,0.68833
1/26/17,0.68722
1/27/17,0.69
1/30/17,0.69167
1/31/17,0.69
2/1/17,0.69111
2/2/17,0.68833
2/3/17,0.69278
2/6/17,0.68833
2/7/17,0.68778
2/8/17,0.68667
2/9/17,0.68667
2/10/17,0.68778
2/13/17,0.68722
2/14/17,0.68722
2/15/17,0.68556
2/16/17,0.68611
2/17/17,0.68611
2/20/17,.
2/21/17,0.68611
2/22/17,0.68333
2/23/17,0.68333
2/24/17,0.68278
2/27/17,0.68333
2/28/17,0.68056
3/1/17,0.68167
3/2/17,0.68278
3/3/17,0.68278
3/6/17,0.68278
3/7/17,0.68278
3/8/17,0.68211
3/9/17,0.68211
3/10/17,0.68189
3/13/17,0.68278
3/14/17,0.68689
3/15/17,0.68667
3/16/17,0.92578
3/17/17,0.92422
3/20/17,0.92644
3/21/17,0.92533
3/22/17,0.92667
3/23/17,0.92611
3/24/17,0.92667
3/27/17,0.92444
3/28/17,0.925
3/29/17,0.92556
3/30/17,0.92667
3/31/17,0.92167
4/3/17,0.92722
4/4/17,0.93
4/5/17,0.93111
4/6/17,0.93
4/7/17,0.93056
4/10/17,.
4/11/17,0.92722
4/12/17,0.92778
4/13/17,0.92611
4/14/17,.
4/17/17,.
4/18/17,.
4/19/17,0.93
4/20/17,0.92944
4/21/17,0.92944
4/24/17,0.92667
4/25/17,0.92833
4/26/17,0.93028
4/27/17,0.93056
4/28/17,0.92944
5/1/17,.
5/2/17,0.92667
5/3/17,0.92722
5/4/17,0.92778
5/5/17,0.92778
5/8/17,0.92778
5/9/17,0.92722
5/10/17,0.92833
5/11/17,0.92833
5/12/17,0.92833